{"val_loss": [0.40129316177057184, 0.1168165197191031, 0.24215180426836014, 0.10273232149041217, 0.0891104785968428, 0.08664834126830101, 0.08109882797883905, 0.08478111174443494, 0.08204777069065881, 0.08932803457845813, 0.0832036299550015, 0.09257980403692825, 0.07825176741765894, 0.08790299199197603, 0.11953177537931048, 0.08692976735208345, 0.08131452099136684, 0.15945019994093024, 0.07353323228333307, 0.0694421516812366, 0.07028484959965167, 0.08442630570219911, 0.08879457584217838, 0.06957701512652895, 0.10121197253465652, 0.06774803898904634, 0.0750755013331123, 0.11865228058203407, 0.06766942718430706, 0.13714767360816832, 0.06497138665746087, 0.06733165049682492, 0.1142006430612958, 0.06828270099409249, 0.058455712283435074, 0.06514040753245354, 0.07172724588409714, 0.07044770592904609, 0.13615180956928627, 0.07300841371002405, 0.09398365020751953, 0.06744219524704892, 0.06015184173441451, 0.08105258757005566, 0.06847843252446341, 0.08193721120124278, 0.06134426804340404, 0.07089320505442827, 0.0879378900255846, 0.058396804267945496, 0.07582809484523276, 0.08885871319343215, 0.0766457486897707, 0.061978372785708176, 0.08342277841723483, 0.06540847723574741, 0.06074285401922205, 0.056393052491804825, 0.07864123890581338, 0.0722857550110506, 0.06323409712185031, 0.05428732202752777, 0.05264751208217248, 0.0695022016601718, 0.05555604422545951, 0.092742794557758, 0.0708424202773882, 0.0749992334648319, 0.05461511064482772, 0.050040016922613846, 0.05849434864585814, 0.07648988035709961, 0.06745273336444212, 0.05257513633240824, 0.06612871911214746, 0.05873926040594992, 0.06334660056492557, 0.05813857200353042, 0.05981362813516804, 0.060084977227708565, 0.07195251378352227, 0.05085810095719669, 0.04710129194933435, 0.051787744883609856, 0.07373852630996186, 0.09190018879978554, 0.052645030714895416, 0.04808723983233389, 0.07574516032700954, 0.052918635551696236, 0.07011015478359617, 0.049198198496647506, 0.05558555046825305, 0.050002911978441734, 0.04371598038984382, 0.05658777495441229, 0.05746990361291429, 0.0578936563561792, 0.07642729969128319, 0.04601738877270533], "val_acc": [0.7282608579034391, 0.5434782722074053, 0.4945652267855147, 0.5108695752594782, 0.8097825970338739, 0.7989130668018175, 0.8043478183124376, 0.7282608572555624, 0.7173912926860477, 0.6141304341347321, 0.6249999987042468, 0.6847825989775036, 0.7173913198968639, 0.5489130496330883, 0.4945652267855147, 0.5163043607836184, 0.6032608805791192, 0.8206521842790686, 0.8423913017563198, 0.8423913134180981, 0.7663043283897898, 0.6521739052689594, 0.5380434933239999, 0.8369565048943395, 0.8260869500429734, 0.8586956469909005, 0.8097825970338739, 0.7336956521739131, 0.7717391265475232, 0.4945652267855147, 0.8315217391304348, 0.8097825918508612, 0.8369565165561178, 0.8260869617047517, 0.8423913004605666, 0.82608697336653, 0.7717391291390294, 0.7391304218250773, 0.6358695652173914, 0.8152173913043478, 0.5326087011591248, 0.8750000038872594, 0.8641304360783618, 0.6684782744749732, 0.8967391213645106, 0.6793478234954502, 0.8152173990788667, 0.8586956586526788, 0.6250000064787657, 0.8423912939818009, 0.8641304360783618, 0.7065217326516691, 0.5923913095308386, 0.8315217391304348, 0.8641304360783618, 0.760869571696157, 0.760869571696157, 0.8260869617047517, 0.7989130460697672, 0.7445652109125386, 0.8641304347826086, 0.8586956651314445, 0.8586956534696661, 0.7445652109125386, 0.853260848833167, 0.5760869610568752, 0.8423912900945415, 0.8967391213645106, 0.8641304179378178, 0.8478260856607686, 0.804347820903944, 0.7119565172039944, 0.8260869617047517, 0.8858695820621822, 0.853260848833167, 0.8532608553119327, 0.75, 0.8913043245025303, 0.8586956521739131, 0.8586956586526788, 0.6195652290530826, 0.8913043556006058, 0.8913043556006058, 0.8206521881663281, 0.6086956580048022, 0.8260869383811951, 0.8369565463584402, 0.8695652018422666, 0.760869571696157, 0.8695652083210323, 0.7554347890874614, 0.8586956638356914, 0.8858695704004039, 0.8260869565217391, 0.8913043594878652, 0.8586956469909005, 0.8097826333149619, 0.8260869500429734, 0.6195652290530826, 0.8967391213645106], "loss": [4.143641613625191, 0.29474633609926376, 0.12956423050648458, 0.22268247443276482, 0.09382921074693268, 0.08781794116303727, 0.08328672357507654, 0.08351587423601665, 0.08877252726941495, 0.08587323048630276, 0.09015603182283607, 0.100533906873819, 0.0982098732445691, 0.0793286602239351, 0.0954982485320117, 0.12501048820244298, 0.08381681949705691, 0.09709525410387967, 0.11904621305497917, 0.07066664985708289, 0.06697643890574172, 0.07374142956089329, 0.11108622075738134, 0.08252487271218686, 0.07199916122732936, 0.07880530325142113, 0.06329428988534051, 0.08479570859187358, 0.09039378860915029, 0.09465249325778033, 0.11562896378942437, 0.06057568337466266, 0.07329376565443503, 0.09268502025185404, 0.05933382321853895, 0.0558626180565035, 0.07494314316962217, 0.06905400169056815, 0.09568455090393892, 0.10851761678586135, 0.0748904516568055, 0.08152734669479164, 0.06159214212282284, 0.06111983008481361, 0.0729307602788951, 0.06686378310661058, 0.08262233395834227, 0.059007949120289574, 0.07219488516047194, 0.06982896628009307, 0.05660212795073922, 0.08760437671397184, 0.08694845478276948, 0.06767037692102226, 0.0631225278248658, 0.07162663058654682, 0.059209880091854045, 0.05468973980562107, 0.05694810240655332, 0.08361091686261667, 0.07787356284019109, 0.05899849534034729, 0.05123434397014412, 0.06021192408091313, 0.05895509993707811, 0.06166957157689172, 0.07251069060451276, 0.0704029726015555, 0.06752019093648808, 0.051670351141207924, 0.04879786990381576, 0.06948742914844204, 0.07033570453121855, 0.0572778773871628, 0.05144745856523514, 0.06383770281398618, 0.06282285782130989, 0.057653064965396315, 0.055021025039054254, 0.05249012603953078, 0.06257557244719686, 0.05993619611537134, 0.046078264310553264, 0.04261931676316906, 0.05677281491257049, 0.06434338872094413, 0.07148871601030633, 0.04903934493258193, 0.05181751047839989, 0.06190063784251342, 0.06331808482472961, 0.06114373688359518, 0.04874455727435447, 0.05235303173194061, 0.04291981750646153, 0.039273157715797424, 0.05231808709937173, 0.04839629246979146, 0.054661769419908524, 0.058823381324072145],