{"val_loss": [0.07446098343833633, 0.07070108478807885, 0.0685144359772296, 0.10603712244040292, 0.08103740565559786, 0.07084816395629036, 0.10984250933498792, 0.07123280830843293, 0.06417690652787038, 0.06207934605038684, 0.05752031740975445, 0.08414977330350033, 0.041769123297063226, 0.0495459565528385, 0.045163059981701816, 0.04660697496475895, 0.045694480521057776, 0.04300952017934912, 0.040708841720555465, 0.03870099883162133, 0.03955053492783285, 0.04215713130796085, 0.04162201397222183, 0.04789371046480601, 0.03293601197251321, 0.040189969110424106, 0.06458046640593397, 0.03179662611649331, 0.06099175330777855, 0.03406613692135105, 0.048900360833732004, 0.03860282230585733, 0.033748431146428316, 0.03125541280884215, 0.04039073775967826, 0.051492338815359806, 0.05298809225053486, 0.031543189353491784, 0.032253107228113906, 0.04816569236572832, 0.04555819277985669, 0.030931051883785782, 0.032906783263846905, 0.051266395962675626, 0.033571501351062856, 0.03169883963899971, 0.030014774071194395, 0.05421414183523587, 0.028136197631955958, 0.03391362127276016, 0.034893145670851125, 0.02534005643658178, 0.03002052143489456, 0.026966691367662228, 0.035301472903128066, 0.031136627896162478, 0.031275332284681295, 0.04707965400808936, 0.030149602260359603, 0.040388432057427606, 0.03926268594501459, 0.03319029345015145, 0.03461743240831825, 0.057936131979500795, 0.05209654289849467, 0.04449441891325557, 0.042575458124148376, 0.029233883556393583, 0.053590220933192934, 0.0401530314753156, 0.03089435993878515, 0.0407583325514165, 0.0419913748932152, 0.03043251533413043, 0.0443444721806926, 0.046487562235637124, 0.03763445075879724, 0.04134826567125223, 0.033355709040061694, 0.031467824164555284, 0.03908946572134838, 0.024769820177702375, 0.026745783881304542, 0.06863738063459648, 0.026094434004651546, 0.02513414983126416, 0.03991365854871338, 0.05201740891978894, 0.025397897493625667, 0.049354342424877636, 0.03272461010973253, 0.03840941231654775, 0.03470030840379996, 0.050491566393643356, 0.036552969966104014, 0.0460759783619205, 0.028297322131592133, 0.03995926613646114, 0.028242574283428003, 0.029538004792614272], "val_acc": [0.7945652218616527, 0.7413043479394653, 0.7744565297161108, 0.6456521736538928, 0.8315217379966507, 0.8554347815073055, 0.7510869553231675, 0.7603260922124204, 0.763586956643216, 0.8668478264108949, 0.8005434799453487, 0.6451086980169234, 0.8836956526274267, 0.8244565200546513, 0.8608695647638777, 0.8706521712567495, 0.8581521773467893, 0.8815217384177706, 0.8739130438669868, 0.902717394673306, 0.9027173914339232, 0.8864130487908488, 0.8804347816368808, 0.857608697336653, 0.9130434750214868, 0.8994565249785132, 0.8983695630146109, 0.9190217399078867, 0.8483695634033369, 0.9081521714511125, 0.8989130465880685, 0.9130434782608695, 0.9097826066224471, 0.9326086964296258, 0.9130434782608695, 0.8657608673624371, 0.8836956477683523, 0.9190217350488123, 0.9260869563921638, 0.9228260905846305, 0.8793478261517442, 0.9092391314713851, 0.90217391271954, 0.842391302080258, 0.9157608702130939, 0.9233695657356925, 0.9141304369853891, 0.8222826081125633, 0.9211956508781599, 0.9163043479556623, 0.9097826105097065, 0.9358695661244185, 0.9152173924705257, 0.9326086964296258, 0.9260869570400404, 0.9163043479556623, 0.9266304347826086, 0.8798913064858188, 0.9336956499711327, 0.9043478246616281, 0.8945652207602626, 0.8918478284840998, 0.9168478256982305, 0.9239130441261374, 0.9070652146702227, 0.9054347853297773, 0.9076086982436802, 0.9320652154476746, 0.8646739134969919, 0.9016304372445397, 0.941847831658695, 0.8744565229053083, 0.8989130423768706, 0.9244565218687057, 0.9201086979845295, 0.8989130423768706, 0.927173912525177, 0.9217391350994939, 0.923369565087816, 0.9250000047942867, 0.9016304327094037, 0.9163043447162794, 0.9342391367839731, 0.8461956517851871, 0.9271739092857941, 0.9304347854593525, 0.9222826102505559, 0.8467391317953235, 0.9418478284193121, 0.9298913057731546, 0.9304347835157228, 0.9249999963718912, 0.9364130432191102, 0.8809782658582148, 0.9141304337460062, 0.9304347867551057, 0.9315217383529829, 0.8999999994816987, 0.9260869576879169, 0.9288043496401414], "loss": [0.6024456281919737, 0.09319688097850697, 0.08373045156130919, 0.08082900760141579, 0.07130781178538864, 0.06779008076803104, 0.06696018415528375, 0.06603410054703017, 0.05797302269855061, 0.05776839431475948, 0.05216280753548081, 0.04984663104688799, 0.048889766472416954, 0.0444781617135615, 0.044574847092499606, 0.03954485068852837, 0.03984151307392765, 0.03689616259086777, 0.04672046871604146, 0.035471621800113366, 0.03724805144844828, 0.04246835803260674, 0.033109088705198186, 0.031913338178718414, 0.033820281761723595, 0.03288234649477778, 0.03054776233998505, 0.03343620030461131, 0.03164965458012916, 0.030822301132453454, 0.03265656007302774, 0.030808995503026085, 0.030591865296702127, 0.02793597918305848, 0.030008480707938608, 0.02593298684302214, 0.030590162385959883, 0.03348140715545899, 0.02888542544600126, 0.028653329993421968, 0.0289939664606307, 0.033833878970629463, 0.02735253277461271, 0.025782863936714223, 0.03070724951858456, 0.022346242809215107, 0.03506158629583346, 0.023150617961545248, 0.025217867632572714, 0.025215278656498807, 0.024934514601891104, 0.02297631258497367, 0.023261651396751404, 0.022736242896801716, 0.02359753874810161, 0.027809222354679496, 0.021957622639633512, 0.026481963392045046, 0.022369252568161167, 0.02277400389917799, 0.021851131239452877, 0.021471661691730086, 0.01979594486388, 0.022094178240041475, 0.02087055121523303, 0.020733557389797392, 0.020925187833003095, 0.019742161438271805, 0.021231866819230286, 0.017836310774893373, 0.01990458824848001, 0.01960595596481014, 0.01802739762776607, 0.021148891314058692, 0.01610425185110118, 0.020649491758966767, 0.019454898212004353, 0.018392439428213482, 0.01840319232763471, 0.01722965475071121, 0.017181343977918494, 0.01836295987202509, 0.017168005122929007, 0.020599763236335805, 0.016828450575672293, 0.01829162834061159, 0.015620943410573778, 0.017590788218217926, 0.01577528248968962, 0.017043290861152315, 0.01732371621639342, 0.016698656855402765, 0.017425742554100784, 0.013983913118372092, 0.01837366139767943, 0.015013942041912594, 0.013699446628625328, 0.018746402114629745, 0.018026561300094064, 0.013796978026024392],