{"val_loss": [0.046439025657372957, 0.061735403361798606, 0.04342113370765456, 0.03220035694942888, 0.03164507396800416, 0.0455429999919152, 0.026012624636796714, 0.04434989094300798, 0.038453929028986276, 0.02947820214008654, 0.02852291391014739, 0.025048948816991313, 0.028471616654650974, 0.030226039171576184, 0.023162341970696023, 0.028508297385344675, 0.027368575124337043, 0.058163417370056064, 0.02755000479468752, 0.02772056812745691, 0.023952324940064103, 0.02511966690994798, 0.022648753491447005, 0.021481912085302767, 0.03428799781621543, 0.02635370412273282, 0.02954668610235113, 0.018835054036809077, 0.019866869207303156, 0.022574898897405743, 0.020650121759504342, 0.02237055989375538, 0.030816460821211956, 0.022124212570934502, 0.02774631099656171, 0.03346316603078183, 0.022918632406878674, 0.025907866216663893, 0.022148778469984434, 0.022396063582757208, 0.02555651451755535, 0.025585815734579544, 0.025453477030406128, 0.025725419797353148, 0.0254747633019218, 0.027748611741394005, 0.024519762287166923, 0.024680743266087476, 0.024930301451604464, 0.02736532243872479, 0.022569161205628126, 0.02516565948304639, 0.022815696005953057, 0.02764452365171683, 0.022736120537086645, 0.02353388234524059, 0.023743329907752606, 0.0230557528456816, 0.02299903106970068, 0.026956385436090823, 0.026297707519975316, 0.02223886605224834, 0.024595872253119367, 0.022252486948831494, 0.040636976571714396, 0.03319662584105928, 0.024409821288471627, 0.021853402659911335, 0.025702929818575998, 0.02421232171220412, 0.03305359792118353, 0.023709073207575548, 0.02363195788344139, 0.021109854354859715, 0.022898083151631, 0.02466113479757674, 0.02264992968833252, 0.024719837292927285, 0.02600448242711813, 0.027002522362359425, 0.0263021323590969, 0.024469593332182543, 0.024418233874494825, 0.028073403528018705, 0.025398173477311582, 0.022842958082195684, 0.027804760344916638, 0.02724118808600906, 0.023389863975017248, 0.03105447912418205, 0.023805761949915905, 0.028037679394263094, 0.026420663206448335, 0.025217194384941136, 0.026207463700262924, 0.028128918123437197, 0.022965369564269127, 0.028343025165589137, 0.03276519277215297, 0.023601893069929287], "val_acc": [0.8705978262359682, 0.814728261153821, 0.893913043561675, 0.9165760871306385, 0.9056521737340676, 0.9000543478329707, 0.939239130679356, 0.9296195650189791, 0.8928260875501387, 0.9401086956242343, 0.9387500005895677, 0.9464673917922799, 0.9397826084219243, 0.9357065219918023, 0.9483695658045295, 0.9506521741252231, 0.9297282615595538, 0.8955434794011323, 0.9504347831800418, 0.9410326089102613, 0.9340217392689184, 0.9432065223303178, 0.9462500015050983, 0.9408695649801065, 0.9091304351231488, 0.9462499992577764, 0.9407608701402078, 0.9417391308360612, 0.9473913048353532, 0.9400000004097819, 0.9396195655648151, 0.9373913048361631, 0.9388043479791478, 0.9453260879356252, 0.9247826090001542, 0.927771740005878, 0.9472282622819361, 0.9416847820596203, 0.9510326091928974, 0.945815217235814, 0.9315217393247978, 0.9464130431170696, 0.9488586970483479, 0.9465760873812858, 0.9409239130783016, 0.9263043485926059, 0.9436956523391216, 0.944836958291252, 0.942608696428816, 0.9417391306842151, 0.9360869571404613, 0.9396739141995331, 0.9405434794481033, 0.9391304341995198, 0.9449456532222583, 0.9426086963073391, 0.9389130443577534, 0.9392934787168127, 0.9309782609950913, 0.9448369573194372, 0.9400000009361816, 0.9470652187567042, 0.9353804353563844, 0.9403804345056415, 0.9247282611550358, 0.931413043756038, 0.9394565218776141, 0.9453804350518824, 0.9409239140197473, 0.9459782618138454, 0.9378260872529253, 0.939456522019337, 0.9444021743560291, 0.9504891302456836, 0.9426630442233189, 0.9455434786884681, 0.9418478269210976, 0.9298913048114628, 0.9296195666083014, 0.9438586956416459, 0.9431521749204915, 0.9332608706115381, 0.9385869566897821, 0.9332065226753121, 0.939239131246248, 0.9400000000554745, 0.9274456531376295, 0.9457065227502228, 0.9332065217338664, 0.9146195654959782, 0.9416847831731581, 0.9284239143700056, 0.9406521729213874, 0.9380978266911014, 0.9285869572777301, 0.9338043493259213, 0.9457608699373415, 0.9348369569861856, 0.9197826093548666, 0.9438043487784655], "loss": [0.0969968715632284, 0.042731426897886636, 0.031978637090808636, 0.027780124409174597, 0.024580934880351697, 0.021253897899107352, 0.018824306238644027, 0.01715247521831377, 0.01575413570311424, 0.015077023344064081, 0.013335559635448295, 0.01239976907853742, 0.011643503236307485, 0.011141031222871026, 0.010793027052706157, 0.010067926518417694, 0.009647252802057443, 0.008929331458450571, 0.009128370871012275, 0.008688554633408785, 0.007759722653222648, 0.007408719265682472, 0.0074480731166093736, 0.007234121062415275, 0.0070316057337599025, 0.006692458156848679, 0.006550149391782847, 0.006304542916650707, 0.006218592953440305, 0.006167396642519413, 0.005533042937718533, 0.005475041324373435, 0.005324846253780698, 0.004959117186356436, 0.005236368475960114, 0.0052321924702138515, 0.005083661960639261, 0.004620636413125573, 0.004626971140277346, 0.0045412337747276635, 0.004730750452349516, 0.0044784507884115385, 0.004073073229802823, 0.004109334729838411, 0.004056152730324381, 0.003892683206956733, 0.004071203763974277, 0.003917839330608478, 0.003723335060970606, 0.0036426801517656124, 0.0038215225276134507, 0.0036700781988533767, 0.0036487966845114087, 0.003482111044404273, 0.0034810855446660237, 0.0034960627609335287, 0.0032902835053391756, 0.0034184237315973923, 0.003335108026560094, 0.003030556976807782, 0.003044164241795, 0.0031203563746719344, 0.0029264435442667956, 0.002775404296148367, 0.003163858181545259, 0.0031491527919078597, 0.0028513322675575476, 0.0030834057799389433, 0.0029345078338755648, 0.0026749823088254277, 0.0029113168925726535, 0.002725462037503619, 0.002698977234320262, 0.0024763796012848617, 0.0027117828857405363, 0.002563648227275022, 0.0025807930732372445, 0.002470518450403737, 0.002453643683897885, 0.0027363259556099167, 0.002510402658387918, 0.002416796370950603, 0.002318803165926019, 0.0026374582602403354, 0.0023589174197105743, 0.002452326411494633, 0.002353081532527466, 0.002215162942947417, 0.00256717443793408, 0.002621785277576261, 0.0021817630878964286, 0.002243169183792496, 0.002350955200066941, 0.002151611166207019, 0.0020462177201438494, 0.002077054014316181, 0.0022477576870949486, 0.0022509319168150525, 0.0020116280319131406, 0.0019809422597628894],