{"val_loss": [11.424988746643066, 0.496628999710083, 0.43866854906082153, 0.25040003657341003, 0.11064524948596954, 0.09996221214532852, 0.09757446497678757, 0.09570708125829697, 0.09380266070365906, 0.09181507676839828, 0.08973175287246704, 0.08753921836614609, 0.08522791415452957, 0.08278394490480423, 0.08020597696304321, 0.07750404626131058, 0.07472223788499832, 0.07198017835617065, 0.06947621703147888, 0.06751096248626709, 0.06580808758735657, 0.06683371216058731, 0.11597748100757599, 0.34902042150497437, 0.11922697722911835, 0.1193704903125763, 0.0980350524187088, 0.08487145602703094, 0.0799848809838295, 0.07755427062511444, 0.07491393387317657, 0.07301759719848633, 0.07052817195653915, 0.06920979171991348, 0.06739217042922974, 0.07172176986932755, 0.08521106839179993, 0.12735086679458618, 0.1228790283203125, 0.07715259492397308, 0.08503203839063644, 0.15032975375652313, 0.07572237402200699, 0.07068429887294769, 0.06625112891197205, 0.06439527124166489, 0.06189851090312004, 0.06040031835436821, 0.05823485925793648, 0.05905953794717789, 0.06163635849952698, 0.10988444834947586, 0.10526557266712189, 0.10819996893405914, 0.06980571895837784, 0.11690695583820343, 0.13960908353328705, 0.0734749585390091, 0.06676726788282394, 0.06589196622371674, 0.06243940070271492, 0.06926314532756805, 0.0746806263923645, 0.10021460801362991, 0.06706137210130692, 0.06321095675230026, 0.05855127051472664, 0.05737972632050514, 0.055641092360019684, 0.060013797134160995, 0.07525600492954254, 0.11445754766464233, 0.07553811371326447, 0.10008440911769867, 0.10021646320819855, 0.0676974430680275, 0.06089957430958748, 0.058260612189769745, 0.058200184255838394, 0.06840533763170242, 0.08630578219890594, 0.09893928468227386, 0.06134115532040596, 0.057142894715070724, 0.060880836099386215, 0.07237584888935089, 0.08449015766382217, 0.07007209211587906, 0.05864271894097328, 0.05464726313948631, 0.05367126688361168, 0.0567154660820961, 0.08938974142074585, 0.09936016798019409, 0.13142159581184387, 0.08540325611829758, 0.07337305694818497, 0.06395873427391052, 0.05757801607251167, 0.057936109602451324], "val_acc": [0.5, 0.5, 0.5, 0.5, 0.52173912525177, 0.739130437374115, 0.79347825050354, 0.804347813129425, 0.804347813129425, 0.804347813129425, 0.804347813129425, 0.804347813129425, 0.8152173757553101, 0.8152173757553101, 0.8152173757553101, 0.804347813129425, 0.79347825050354, 0.79347825050354, 0.782608687877655, 0.782608687877655, 0.8152173757553101, 0.804347813129425, 0.6521739363670349, 0.5, 0.5, 0.5, 0.52173912525177, 0.6304348111152649, 0.8586956262588501, 0.8913043737411499, 0.9021739363670349, 0.9130434989929199, 0.8695651888847351, 0.9021739363670349, 0.8369565010070801, 0.72826087474823, 0.6521739363670349, 0.5, 0.54347825050354, 0.5760869383811951, 0.70652174949646, 0.5869565010070801, 0.8478260636329651, 0.9130434989929199, 0.8804348111152649, 0.8913043737411499, 0.8586956262588501, 0.8695651888847351, 0.8369565010070801, 0.9239130616188049, 0.8369565010070801, 0.6304348111152649, 0.5760869383811951, 0.5652173757553101, 0.79347825050354, 0.5652173757553101, 0.554347813129425, 0.739130437374115, 0.804347813129425, 0.8695651888847351, 0.8152173757553101, 0.804347813129425, 0.75, 0.5978260636329651, 0.8260869383811951, 0.9021739363670349, 0.8913043737411499, 0.9130434989929199, 0.8804348111152649, 0.9130434989929199, 0.8586956262588501, 0.9239130616188049, 0.804347813129425, 0.5760869383811951, 0.5, 0.6847826242446899, 0.8913043737411499, 0.8478260636329651, 0.8369565010070801, 0.9021739363670349, 0.79347825050354, 0.75, 0.9130434989929199, 0.9021739363670349, 0.8695651888847351, 0.75, 0.532608687877655, 0.6521739363670349, 0.8369565010070801, 0.8586956262588501, 0.9021739363670349, 0.8260869383811951, 0.79347825050354, 0.8695651888847351, 0.8478260636329651, 0.554347813129425, 0.6739130616188049, 0.79347825050354, 0.8369565010070801, 0.8478260636329651], "loss": [0.41568881273269653, 11.50704574584961, 0.5159564018249512, 0.4478669762611389, 0.25723835825920105, 0.10755767673254013, 0.09737168997526169, 0.09516960382461548, 0.09326879680156708, 0.09129586070775986, 0.0892346203327179, 0.08707353472709656, 0.08479825407266617, 0.08239886909723282, 0.07986008375883102, 0.07718146592378616, 0.07437291741371155, 0.07148531824350357, 0.06864640861749649, 0.066093310713768, 0.06411091238260269, 0.06271333992481232, 0.062561996281147, 0.12256532162427902, 0.35113173723220825, 0.12202299386262894, 0.1186615452170372, 0.09809602051973343, 0.08325233310461044, 0.07879983633756638, 0.07589465379714966, 0.07351750880479813, 0.07125186175107956, 0.06912066787481308, 0.06724400073289871, 0.0663897693157196, 0.06918684393167496, 0.08709387481212616, 0.1248696818947792, 0.12626352906227112, 0.07397422194480896, 0.08810289949178696, 0.1474287062883377, 0.07548055052757263, 0.0680704340338707, 0.06445112079381943, 0.06210491806268692, 0.05996396392583847, 0.05807531252503395, 0.056611184030771255, 0.05633261054754257, 0.06242508441209793, 0.1061445102095604, 0.11151240020990372, 0.10660295933485031, 0.07200563699007034, 0.11439085751771927, 0.14302952587604523, 0.06937447190284729, 0.06523539870977402, 0.062237728387117386, 0.06138647720217705, 0.06502439081668854, 0.07686120271682739, 0.09667365252971649, 0.06717803329229355, 0.061092447489500046, 0.05746835842728615, 0.05541932210326195, 0.05456451699137688, 0.05806059390306473, 0.07539337128400803, 0.1155017837882042, 0.07050194591283798, 0.10642945021390915, 0.09776709228754044, 0.06866768002510071, 0.05970614403486252, 0.05702001228928566, 0.05688680708408356, 0.06599552929401398, 0.0868467390537262, 0.09709008038043976, 0.05913460627198219, 0.05622434616088867, 0.05719142407178879, 0.07675426453351974, 0.08160541206598282, 0.07206153869628906, 0.05743000656366348, 0.053093887865543365, 0.05124349147081375, 0.053215544670820236, 0.09066271781921387, 0.09692152589559555, 0.13434728980064392, 0.08114912360906601, 0.07539957761764526, 0.0618077889084816, 0.056051187217235565], "acc": [0.46739131212234497, 0.5, 0.5, 0.5, 0.5, 0.52173912525177, 0.79347825050354, 0.782608687877655, 0.804347813129425, 0.8152173757553101, 0.8152173757553101, 0.8260869383811951, 0.8260869383811951, 0.8260869383811951, 0.8260869383811951, 0.8260869383811951, 0.8260869383811951, 0.8260869383811951, 0.8260869383811951, 0.8369565010070801, 0.8369565010070801, 0.8369565010070801, 0.8586956262588501, 0.6195651888847351, 0.5, 0.5, 0.5, 0.510869562625885, 0.695652186870575, 0.8152173757553101, 0.8804348111152649, 0.9021739363670349, 0.8913043737411499, 0.9130434989929199, 0.8913043737411499, 0.8152173757553101, 0.782608687877655, 0.5869565010070801, 0.5, 0.52173912525177, 0.6521739363670349, 0.72826087474823, 0.6413043737411499, 0.8586956262588501, 0.9130434989929199, 0.9239130616188049, 0.9130434989929199, 0.9239130616188049, 0.9021739363670349, 0.9130434989929199, 0.9021739363670349, 0.8369565010070801, 0.6739130616188049, 0.554347813129425, 0.554347813129425, 0.75, 0.5652173757553101, 0.54347825050354, 0.79347825050354, 0.804347813129425, 0.8913043737411499, 0.8260869383811951, 0.8369565010070801, 0.717391312122345, 0.6630434989929199, 0.804347813129425, 0.8913043737411499, 0.9130434989929199, 0.9130434989929199, 0.9130434989929199, 0.9130434989929199, 0.9130434989929199, 0.9021739363670349, 0.8478260636329651, 0.5652173757553101, 0.5, 0.6304348111152649, 0.8913043737411499, 0.9239130616188049, 0.9239130616188049, 0.9021739363670349, 0.760869562625885, 0.804347813129425, 0.9347826242446899, 0.9130434989929199, 0.8695651888847351, 0.70652174949646, 0.5869565010070801, 0.5760869383811951, 0.8586956262588501, 0.8913043737411499, 0.9021739363670349, 0.8804348111152649, 0.8369565010070801, 0.8478260636329651, 0.8152173757553101, 0.5760869383811951, 0.6195651888847351, 0.8478260636329651, 0.8913043737411499]}