{"val_loss": [0.37517478029965323, 0.14977351671775527, 0.12233521395280936, 0.09008469186389945, 0.11738323531023524, 0.08920657073522544, 0.09397768206668622, 0.14823259828238605, 0.08632073074063182, 0.08394642280680793, 0.08589239123923782, 0.09457365423440933, 0.0896853031147094, 0.08430229332754967, 0.0818631909411363, 0.08756342464668238, 0.09435511097677514, 0.09002461943447504, 0.08419170158594029, 0.08234286757688673, 0.08097270979380711, 0.08192230241768288, 0.19540367138936235, 0.11136457073525088, 0.09125124805030368, 0.08637668586955614, 0.09471214393860677, 0.14351273249582122, 0.08779314057135479, 0.09496363425495649, 0.08424009394551081, 0.12668783212292933, 0.08442731418822923, 0.08321240517441156, 0.0833088644225188, 0.08790386248847623, 0.08291385612016461, 0.08110155093162434, 0.08728261646770295, 0.08203672856350482, 0.08411434849705358, 0.14356393445535828, 0.08810595020888344, 0.0829571932124197, 0.09539403657806556, 0.0811391512058342, 0.08471625572417206, 0.08321554006264151, 0.09287364969048838, 0.0812757278955172, 0.08120882538016913, 0.08187117188910902, 0.08197863978396934, 0.08867144110527905, 0.08161847326705639, 0.08421944507530757, 0.08121150311668542, 0.08064124293485589, 0.0826731969644067, 0.08931736347049174, 0.08463253026013766, 0.08197424650020242, 0.08211701030037964, 0.08241306242101636, 0.08500330850030437, 0.08253978563722594, 0.08595769881428063, 0.08236524715353057, 0.08250887050128086, 0.08351076370666898, 0.08277414077933216, 0.08135499206370261, 0.0807345336542329, 0.08353176256063868, 0.08286661623532293, 0.09283848491754022, 0.08317142153027082, 0.07985361398857566, 0.09077376010054977, 0.08219938390870803, 0.08163450242249996, 0.08006908113478238, 0.07969856319188384, 0.09070491917635627, 0.08288369150388808, 0.08299989550015627, 0.08010903705035109, 0.08585733256986819, 0.0799836962985098, 0.08282751536257511, 0.08158649615997188, 0.08258949315866179, 0.08177315829722225, 0.08061307021463761, 0.08638224523906927, 0.0812298133754283, 0.09034297721726554, 0.08020467701412383, 0.07977546471968014, 0.08019260847121262], "val_acc": [0.500721504097377, 0.4963924892967054, 0.49927850005258556, 0.606060606920702, 0.6709956633408176, 0.6695526641770703, 0.5093795071002553, 0.48917748647893833, 0.584415580115105, 0.6883116865484917, 0.5050504982987524, 0.6594516551081753, 0.6839826765428546, 0.6392496418729317, 0.6868686812780637, 0.6738816674739595, 0.6002886019657873, 0.5238095288195823, 0.6291486354058267, 0.6738816628724466, 0.6911976949821131, 0.6262626256605591, 0.5108225131662721, 0.49350649037789474, 0.6551226528003963, 0.5122655024604191, 0.5223665201302731, 0.6233766163238371, 0.7027417078162684, 0.49927850005258556, 0.6998556990816136, 0.6926406864480023, 0.6637806731127042, 0.6219336248579479, 0.6507936596096336, 0.6565656598770258, 0.666666677245846, 0.6984126950153197, 0.6262626309716512, 0.665223677178998, 0.5569985487416365, 0.4805194794228583, 0.6219336162569891, 0.6652236624713584, 0.5930735848166726, 0.6897546854112055, 0.6493506555433397, 0.6709956688454313, 0.67532468164638, 0.6911976940790124, 0.686868694781569, 0.6753246715402534, 0.6955266951826572, 0.6782106777806303, 0.6767676903141869, 0.5180375156292496, 0.6190476161232931, 0.6305916258611032, 0.5440115447856303, 0.6738816775800862, 0.6854256947147209, 0.6753246776469342, 0.7027417078162684, 0.6767676777137822, 0.6681096706039462, 0.6998557122840854, 0.6363636463407486, 0.6839826765428546, 0.6955266948816237, 0.6767676777137822, 0.6810966819137722, 0.67532468164638, 0.6709956673402635, 0.6767676903141869, 0.5844155838135173, 0.6724386775132382, 0.6969697038504641, 0.6738816674739595, 0.6709956734469442, 0.6248196169927522, 0.6998557122840854, 0.6998557122840854, 0.6507936439988933, 0.5642135570747684, 0.5887445846161286, 0.6652236538703995, 0.6392496262621914, 0.6998557082846395, 0.6940836988142215, 0.6854256861137621, 0.6854256904142415, 0.6854256852106615, 0.679653690447883, 0.6911976949821131, 0.6984126990147655, 0.7012987037499746, 0.6796536778474783, 0.6883116939453163, 0.6666666619361393, 0.6984127122172373], "loss": [0.3991237339135763, 0.30666949821485057, 0.12057960838884921, 0.14645663548160243, 0.085981113886511, 0.10012265919028102, 0.08280967014866907, 0.09149645510557536, 0.1247868350631482, 0.08426667528377997, 0.08272490992739394, 0.08241200346398998, 0.11928498543597557, 0.08334995161842655, 0.07997392258934073, 0.08486027330965609, 0.0960307973059448, 0.11096503927900984, 0.08705267350415925, 0.08010117488132941, 0.07791868174398267, 0.07753171147526922, 0.08795125399892395, 0.1832468376771824, 0.10167090312854664, 0.08702820821388348, 0.08504814171307795, 0.12437140538885787, 0.12201354330455935, 0.09477078109174161, 0.08982113728652129, 0.09403793533911577, 0.10920419282204397, 0.08140012601742873, 0.07963475081566218, 0.08264032388861114, 0.08891501620009139, 0.07899722356248547, 0.08135760374165871, 0.08407847079876307, 0.0772638322936522, 0.11676935287746223, 0.1201320679203884, 0.08807073573808412, 0.08177355294292038, 0.0849515032526609, 0.0800964896743362, 0.08032126603899775, 0.08441640678289775, 0.10070978225888433, 0.07921502920421394, 0.07934887445456273, 0.07956984478074151, 0.08661135104862419, 0.08293436991201865, 0.07741605309215752, 0.08119156815715738, 0.07801791763788946, 0.08062955435063388, 0.07907430082559586, 0.0918693488111367, 0.08363562902888737, 0.07931827069134326, 0.08013842858978219, 0.08284627968395078, 0.0856221807566849, 0.08868684941852414, 0.08182112973284077, 0.08016442487368712, 0.08044147310224739, 0.0822589691426303, 0.07977778726332896, 0.07704350533517632, 0.07682708207819913, 0.07679387020903665, 0.08305548856387267, 0.10062226592688947, 0.07924596401485237, 0.07787420359012243, 0.08947458279293936, 0.08142031165393623, 0.07699455038921253, 0.0759000945332888, 0.07788529106088586, 0.08828312802959133, 0.0796978002464449, 0.07758118997554521, 0.07760788117711609, 0.07975709196683523, 0.07735156267881393, 0.07852105897020649, 0.07787312124226545, 0.0774993485695607, 0.07897220249917056, 0.07664460205548518, 0.0975270082016249, 0.08245971718349972, 0.08229825001310657, 0.07656820319794319, 0.07572012877947576],