{"acc": [0.47567568115285924, 0.4918918964025137, 0.4918919092900044, 0.4648648701809548, 0.5567567574011313, 0.5783783777340038, 0.5729729855382765, 0.6270270347595215, 0.5945945945945946, 0.6432432403435578, 0.6378378658681303, 0.664864863898303, 0.6756756982287845, 0.6756757014506573, 0.6378378626462575, 0.6432432483982395, 0.6378378578134485, 0.6432432371216852, 0.6054054015391582, 0.648648650259585, 0.6648648703420484, 0.6648648832295392, 0.6702702689815212, 0.6486486631470758, 0.6756756933959754, 0.6594594781463211, 0.6594594604260212, 0.6918918989800118, 0.6810810984791936, 0.6162162229821488, 0.6270270186501581, 0.6594594604260212, 0.6756756982287845, 0.6594594829791302, 0.6756756788975483, 0.6810810807588938, 0.6756756982287845, 0.6702702738143302, 0.6378378400931487, 0.6324324398427397, 0.6432432677294757, 0.6324324350099306, 0.6648648880623482, 0.6810811065338753, 0.6432432403435578, 0.6540540505099941, 0.6378378626462575, 0.6486486728126938, 0.6540540714521665, 0.643243254841985, 0.6648648783967301, 0.6702702963674391, 0.6756756837303574, 0.6918918957581391, 0.6648648606764304, 0.6486486631470758, 0.6216216167888126, 0.6594594555932123, 0.6594594588150849, 0.6810810839807665, 0.6864864890639847, 0.6648648832295392, 0.6540540585646758, 0.6486486647580121, 0.6810810984791936, 0.654054077895912, 0.6540540682302939, 0.6594594652588303, 0.6594594829791302, 0.6648648880623482, 0.654054077895912, 0.6270270331485851, 0.6594594588150849, 0.643243259674794, 0.664864863898303, 0.6540540698412303, 0.6540540633974848, 0.6918918941472028, 0.6540540553428031, 0.659459463647894, 0.6648648687311121, 0.6648648783967301, 0.6594594604260212, 0.6756756933959754, 0.6270270524798213, 0.6324324398427397, 0.6702702786471393, 0.6756756885631664, 0.6756756788975483, 0.6648648800076665, 0.6756757014506573, 0.6864865116170935, 0.6648648655092394, 0.6756756708428666, 0.6594594781463211, 0.6756756837303574, 0.643243254841985, 0.654054077895912, 0.6702702899236936, 0.6486486695908211], "loss": [0.3526816948040112, 0.218196279293782, 0.12925282805352598, 0.10081600639465693, 0.09705192414489952, 0.09015572775860091, 0.0885826886908428, 0.09168826526886709, 0.08624437974916922, 0.0826755371448156, 0.08232400888526761, 0.0867924531166618, 0.10260605570432302, 0.08177321363945265, 0.07953704833178907, 0.08005410372405439, 0.08053124696016312, 0.07853629339385677, 0.07993451546172838, 0.08371931858159401, 0.08390450316506463, 0.08141467881363791, 0.08036539602924038, 0.08329325813699413, 0.07748662015876255, 0.07760208281310829, 0.08044711339312631, 0.0767860420652338, 0.07821348007466342, 0.0889561820674587, 0.08294805562173999, 0.08024390102238269, 0.08167538852305026, 0.07811434123967145, 0.07666463545850806, 0.08109873815162762, 0.07941400380553426, 0.07649446258673796, 0.07896249338581755, 0.07919572253484984, 0.07953140139579773, 0.08554278696710998, 0.08160460236910227, 0.07775869824596353, 0.07914691458682756, 0.07646284635002548, 0.07819274188698949, 0.0765734874718898, 0.07759533298982156, 0.07774447186573132, 0.07591443307496407, 0.07798506641710126, 0.08000584691762924, 0.08036270556417671, 0.07592229967987216, 0.07888741046190262, 0.07964726154868668, 0.0767278548430752, 0.0809993298875319, 0.0766643982481312, 0.075837665312999, 0.07630079400700492, 0.07590924847770382, 0.07629047797338383, 0.08037253207451589, 0.07787593554806065, 0.07668133663970071, 0.07787312144363248, 0.07560337516101631, 0.0753442206092783, 0.07570488267653697, 0.08116984870788213, 0.0759593338982479, 0.07652784420831783, 0.07681105507386697, 0.07802033444514146, 0.07721717333471453, 0.07598129780711355, 0.07578693994799175, 0.08095943303527059, 0.07592904950315887, 0.07553898583392839, 0.07509824432231285, 0.07704822558003503, 0.08194796036224107, 0.07665067327183646, 0.07573024566109116, 0.07803310373344936, 0.07498086022364127, 0.07508790855472153, 0.07565147248474327, 0.07473393469243436, 0.07929168540883709, 0.07900176922211775, 0.0742683432794906, 0.07506842790423213, 0.07502817040359652, 0.07901694122198466, 0.07480471561083922, 0.07417391623194153], "val_acc": [0.4945652267855147, 0.4945652267855147, 0.4945652267855147, 0.4836956547654193, 0.5217391335121964, 0.5326086932226367, 0.5923913231362468, 0.5543478354811668, 0.6141304425571276, 0.6195652277573295, 0.6086956560611725, 0.6032608760439832, 0.5978260882522749, 0.6195652264615764, 0.6195652199828107, 0.6249999974084937, 0.6304347748341768, 0.6250000019436297, 0.6249999825073325, 0.6032608695652174, 0.624999990929728, 0.6250000220278035, 0.6141304276559664, 0.6250000220278035, 0.6141304179378178, 0.6304347748341768, 0.6195652232221935, 0.6358695729919102, 0.5978260856607686, 0.5434782667004544, 0.6358695522598599, 0.635869588540948, 0.6250000220278035, 0.6032608786354894, 0.6141304263602132, 0.6249999987042468, 0.6249999987042468, 0.6358695522598599, 0.6250000019436297, 0.635869588540948, 0.6032608741003535, 0.5978260973225469, 0.6195651953635009, 0.5869565217391305, 0.6250000207320504, 0.6250000103660251, 0.6032608715088471, 0.6358695729919102, 0.5923912959254306, 0.6195652433063673, 0.6086956683708273, 0.6358695522598599, 0.6195652212785638, 0.6195652212785638, 0.6413043620793716, 0.559782615174418, 0.6250000051830126, 0.6249999974084937, 0.6250000051830126, 0.6195652212785638, 0.646739151166833, 0.6250000006478765, 0.6358695729919102, 0.6032608598470688, 0.6195652122082917, 0.6304347826086957, 0.6086956618920617, 0.6304347826086957, 0.6304347826086957, 0.6413043413473212, 0.6086956372727519, 0.6249999889860982, 0.6304347748341768, 0.6195652212785638, 0.5869565334009088, 0.6304347748341768, 0.6086956489345302, 0.6358695522598599, 0.6304347780735596, 0.6304347826086957, 0.6250000103660251, 0.6304347877917083, 0.603260865677958, 0.603260848833167, 0.6249999779721965, 0.6358695600343787, 0.630434794270474, 0.6249999987042468, 0.6304347748341768, 0.6195652212785638, 0.6249999987042468, 0.6413043607836184, 0.6141304295995961, 0.6250000006478765, 0.6358695833579354, 0.635869571696157, 0.6032608715088471, 0.6250000006478765, 0.6413043413473212, 0.6249999987042468],