{"acc": [0.7679100075087087, 0.817051509486775, 0.8442865593183527, 0.8724097039235139, 0.8824748401461161, 0.8889875690071734, 0.8934280642960607, 0.8996447621540885, 0.9049733595921486, 0.9111900518037921, 0.913854354192972, 0.9094138475054464, 0.9236234482609358, 0.9052693919361944, 0.9132622891519816, 0.9105979907152708, 0.9182948520580222, 0.8762581403471437, 0.9085257513555568, 0.8709295476732203, 0.8374777975133215, 0.8525754941716711, 0.9076376550292178, 0.9094138540340783, 0.903493194695829, 0.9168146853972075, 0.9020130223180501, 0.9242155110080825, 0.9046773257659271, 0.9088217889930879, 0.9138543506639818, 0.9218472474915802, 0.9017169896916852, 0.9108940217535901, 0.9135583219195061, 0.9197750173778206, 0.9233274144347142, 0.924215516583887, 0.9262877446508323, 0.9271758487409498, 0.9218472488325965, 0.9224393098152481, 0.9224393122855413, 0.9248075770371902, 0.9280639524781683, 0.919478985033775, 0.9251036164392163, 0.9280639436556928, 0.9230313802203036, 0.9307282433275502, 0.9328004762645019, 0.9277679103588197, 0.931320306074697, 0.8715216090793508, 0.9259917170709234, 0.9295441135984683, 0.9253996437368059, 0.9206631154686548, 0.9191829445730517, 0.9055654212805984, 0.9094138597510424, 0.915334515030953, 0.9209591486243682, 0.918590881120107, 0.921551210665717, 0.9224393145793849, 0.923919477181861, 0.9239194846633202, 0.9224393091800299, 0.9218472457270851, 0.9209591449189285, 0.9174067463798591, 0.9144464228335325, 0.9103019578418765, 0.904085258431093, 0.9052693942300379, 0.9239194854749879, 0.9147424542953306, 0.9271758465529759, 0.9251036166862456, 0.9280639431263442, 0.9292480756786181, 0.930728244809726, 0.9162226177094743, 0.9212551835092868, 0.9011249282855547, 0.9153345235005295, 0.9188869188635077, 0.8806986433292296, 0.90822971943499, 0.9085257576018695, 0.9085257524848337, 0.8993487304099711, 0.9129662485148089, 0.920071048769039, 0.929840145236716, 0.9174067455681914, 0.8949082298275985, 0.9174067526261718, 0.9179988194316573], "loss": [0.20637020286968857, 0.08796826420520593, 0.07404127330152575, 0.06800602462921289, 0.06265569821688252, 0.05728138304580733, 0.05448659618377968, 0.05109832601929431, 0.048824229877047313, 0.04696709858093691, 0.044787605005813254, 0.04372680799064021, 0.04333558782291102, 0.04308631867523233, 0.04572188552488866, 0.04279961336631264, 0.0399422857572935, 0.05856959169753703, 0.04023580104465524, 0.04577515458896571, 0.04995170322976358, 0.0696205031645058, 0.04367840805522714, 0.041295550748167695, 0.043736429288409887, 0.03789861264923679, 0.04213305794765711, 0.04262831200811904, 0.043788025216318006, 0.04376465937287021, 0.04042418069294954, 0.04002418191943598, 0.043181376660748866, 0.04208965840390478, 0.044186172249262114, 0.03895782747693567, 0.03660966659956179, 0.03497674970464674, 0.03405930190096246, 0.03176825652378702, 0.03337759482346215, 0.033325746018040316, 0.031899907332312925, 0.03421074915798618, 0.035223655746736915, 0.034270401530148646, 0.03347708204570361, 0.032425342746356875, 0.03336304366641527, 0.03272587977804116, 0.0314140050893108, 0.030883594692335672, 0.03069786943579087, 0.050320418321077046, 0.037127590366038715, 0.03168785734054709, 0.03414985387216064, 0.0344177112181805, 0.04832320212391511, 0.05255584559712698, 0.04358180606811621, 0.03850866227574501, 0.044284964204187434, 0.04441910287803133, 0.0419775083541976, 0.0407592451664172, 0.03989042224590774, 0.03930624042648123, 0.038984018846102336, 0.03801028312240711, 0.03771179451956207, 0.0362912218989071, 0.04098618386755546, 0.045471421657422365, 0.045232263538719564, 0.04338587695140504, 0.03639134744600194, 0.03767293896096002, 0.0340128355786919, 0.03417861310113387, 0.03219976792494668, 0.03286855205090671, 0.031243802629997916, 0.03155155244237612, 0.04049337517454682, 0.04282577241434015, 0.049888829079215664, 0.04220868284715358, 0.058106953949794884, 0.04672771710362076, 0.04232522173216175, 0.03857945493996461, 0.04165329288993452, 0.04162302487758647, 0.035687905385022756, 0.032381030931063065, 0.0402816201390918, 0.05059019222308574, 0.047396791233174404, 0.0410243231668636], "val_acc": [0.7487401014356153, 0.8452123829664473, 0.8754499581239479, 0.6184305271027841, 0.8495320443887346, 0.7804175627755123, 0.8826493875340131, 0.8689704900855552, 0.8768898532749339, 0.879049683235119, 0.8682505483675381, 0.9049676022484974, 0.8732901361024663, 0.8459323266584123, 0.9085673108385827, 0.8675306023583299, 0.888408929302677, 0.8696904274694691, 0.7228221723647578, 0.9128869691712124, 0.7508999354295202, 0.8761699060212802, 0.8804895618221071, 0.8984881171311638, 0.863930887331458, 0.8956083464828475, 0.8898488041563288, 0.8848092121302095, 0.8783297367109679, 0.8790496737515866, 0.9035277231036544, 0.8941684630897253, 0.870410364939207, 0.8725702072580226, 0.8826493913102613, 0.900647947649204, 0.8826493913102613, 0.9251259912939875, 0.9128869649229331, 0.8970482385441757, 0.8862491041915377, 0.9179265660463777, 0.9013678936584121, 0.9064074980431619, 0.9136069114470843, 0.911447082001842, 0.9280057629721897, 0.930165592417432, 0.9128869692141243, 0.9359251256466256, 0.8912886967326, 0.8948884139050676, 0.8848092207555036, 0.920086394976677, 0.9222462249368623, 0.8999280016399958, 0.9150467986164547, 0.8725701943415374, 0.8560115171474377, 0.8552915765022184, 0.876889847868033, 0.8653707696517824, 0.9056875568400878, 0.9107271531573983, 0.9143268574562924, 0.9136069114470843, 0.9164866783191524, 0.9143268574562924, 0.9164866820954006, 0.9164866863865918, 0.8473722170890879, 0.9287257041752639, 0.8437725090568575, 0.7840172842391709, 0.9179265655314347, 0.9028077765795033, 0.9035277225887115, 0.839452850638404, 0.9128869676263835, 0.9064074942669137, 0.9373650144037367, 0.9366450716558337, 0.8891288715785488, 0.9172066200371695, 0.9236861164403356, 0.7566594690449209, 0.8761699072657256, 0.9128869649229331, 0.8394528442445293, 0.8192944546840961, 0.910007198007953, 0.8912886967326, 0.8596112262524659, 0.9244060457997223, 0.9251259955851786, 0.9323254218626743, 0.8747300141745115, 0.9244060543821045, 0.899928010737321, 0.9236861083728963],