{"val_loss": [0.23649776854900398, 0.21451195367056913, 0.19603754444555802, 0.08299343769598488, 0.06816472451795232, 0.13748731863017033, 0.07743583416396921, 0.06554136970880056, 0.09675768330091178, 0.06696667115796696, 0.05702934056670979, 0.12252239341085608, 0.7104511998518549, 0.05909447522476466, 0.06539403699865246, 0.06843673392678752, 0.058019044762006915, 0.06036857440315112, 0.05872220026724266, 0.058892147220445404, 0.12508773720926708, 0.08066371896050194, 0.1318829506635666, 0.05338819133061351, 0.06471985364050577, 0.06981833049594754, 0.08569162316394574, 0.06394397625417421, 0.06955356816902306, 0.07769441254662746, 0.06152064372042213, 0.061204413140211446, 0.05550389642817805, 0.08032524521754246, 0.07914982013630145, 0.08213681234705328, 0.05926009056845097, 0.06295332026602042, 0.07258231166486788, 0.10349262106900263, 0.09250840138305318, 0.057544306466224215, 0.06117403221250785, 0.0607566304429613, 0.16032110132051236, 0.1254438939080997, 0.09967921858634611, 0.055976194226079516, 0.08343280294928888, 0.057180670663864924, 0.05151525256459159, 0.06904516098174182, 0.048252958127043465, 0.04961953948091979, 0.04971626790409738, 0.06533717145823469, 0.05730937823954255, 0.04699776731807776, 0.04998387793323608, 0.049291330794192324, 0.22510224415196312, 0.6874606154783808, 0.27526646852493286, 0.20467288679245746, 0.15455389692626817, 0.08932709061738217, 0.2931103269861202, 0.08889791181292196, 0.0503621751611883, 0.11089384465506583, 0.05941828938596176, 0.0557839795194491, 0.04291762238500094, 0.04338879695143363, 0.0725989035434193, 0.04543096991726244, 0.04637888307222212, 0.05820172280073166, 0.04090864745655445, 0.043121660880819715, 0.04037116960895182, 0.06516943360217894, 0.04780385011073315, 0.04603213673890239, 0.05017450431154834, 0.07334220168566463, 0.053217942083273274, 0.06583432748800877, 0.0482617574885036, 0.06163863950606548, 0.08690829823414485, 0.09171770701203684, 0.07935606500115057, 0.0997798206905524, 0.07038325613195245, 0.08208253095396842, 0.07047429067468403, 0.06912121312184767, 0.07040560189070123, 0.072290494548853], "val_acc": [0.5030303056342433, 0.4969697010637534, 0.6666666654625324, 0.7282828345443263, 0.8141414191987779, 0.8929293029236071, 0.8393939462575045, 0.8838383766135784, 0.6292929306174769, 0.844444448297674, 0.8606060622918486, 0.8767676780922244, 0.5838383844103476, 0.8797979806408738, 0.8717171748479208, 0.9111111152051675, 0.9070707210386643, 0.9080808150647867, 0.9010101123289629, 0.9050505167306072, 0.8535353565456891, 0.9040404184900149, 0.8616161653489778, 0.909090918723983, 0.8616161599303737, 0.8373737377349777, 0.8656565721588906, 0.8858585917588436, 0.8434343440364106, 0.8737373791559778, 0.8818181951840719, 0.9020202105695551, 0.9040404130714108, 0.680808080567254, 0.9090909127033118, 0.8959595988495181, 0.8808080873104057, 0.8383838353735028, 0.8565656512674659, 0.8292929283296219, 0.7757575713624858, 0.8828282849957244, 0.8929292987091373, 0.8828282837915902, 0.5393939438191327, 0.6010101007090675, 0.5939393959412671, 0.8666666631746773, 0.8292929313399575, 0.8959596060743236, 0.9090909151115802, 0.867676773456612, 0.9080808090441155, 0.8797979673953972, 0.8909090841659392, 0.8939393939393939, 0.8818181831427295, 0.9070707089973219, 0.8868686978263084, 0.9343434379558371, 0.5626262642367922, 0.4969697010637534, 0.4969697010637534, 0.4969697010637534, 0.5030303056342433, 0.8595959640512563, 0.5030303056342433, 0.7212121161547574, 0.9010101039000232, 0.8323232290720699, 0.8919191956520081, 0.8919192016726792, 0.8808080758711304, 0.8929292920863989, 0.8101010087764624, 0.8717171700313838, 0.9202020276676525, 0.8898989937522195, 0.9414141443040636, 0.9050505089037346, 0.9393939442104764, 0.8454545411196622, 0.9181818257678639, 0.910101010943904, 0.8919191878251355, 0.9212121349392515, 0.8818181813365281, 0.883838379623914, 0.9111111031638252, 0.8333333369457361, 0.7787878754163029, 0.7666666694361755, 0.7949494936249473, 0.8444444422770028, 0.8434343440364106, 0.8010100987222459, 0.8616161623386421, 0.8696969687336623, 0.8909090841659392, 0.8494949599709174], "loss": [0.2471332064647215, 0.10949287761584468, 0.0809820727862888, 0.07900417406124333, 0.06871212413070407, 0.06501800964193487, 0.06410531033189391, 0.057561948555103964, 0.05539950171479355, 0.05437077007618457, 0.05044872039601058, 0.04743927222153673, 0.050377882732406405, 0.07063939809749689, 0.04518532034541879, 0.04516409078854263, 0.042963729113142356, 0.0450153380193039, 0.04345606266833421, 0.04324396642116811, 0.04272979164366112, 0.04372286213332929, 0.039926791408925355, 0.0473276109425382, 0.038734456224125684, 0.040352536990397, 0.03967370158154208, 0.03915167210060497, 0.12614317108997672, 0.03848186584554637, 0.03787798479360303, 0.0387962798919046, 0.04198865986048581, 0.039342931805927295, 0.03889882395916504, 0.040917759810719774, 0.03947139185454164, 0.0364923646636431, 0.03570080475813626, 0.033594771613215293, 0.034929922784978765, 0.036007330053643725, 0.03397697252391581, 0.03302943732193439, 0.28281491588912533, 0.0985640950463836, 0.08824810766896536, 0.047173606603100056, 0.03562506391632794, 0.037968991073683844, 0.03845045366556542, 0.03644464103709226, 0.035544189940086034, 0.033635382076409766, 0.05397707642832666, 0.05001449542571837, 0.03534771815140382, 0.03607669526531649, 0.03175516543829461, 0.0304526171346885, 0.04859732392482286, 0.2508219703041834, 0.23948269393109403, 0.17378188630077135, 0.15590412489005498, 0.15738314952070134, 0.13854829783851522, 0.12721455579877297, 0.07657644789406033, 0.06754666506823313, 0.05829496736146287, 0.042248431713849406, 0.060446560299302454, 0.03321846731260815, 0.03312429676506903, 0.03270231510985927, 0.029996931902519692, 0.029484652743931625, 0.029475687105716068, 0.03138420343448553, 0.030535192545998433, 0.030249942923305042, 0.02982094480448783, 0.03125034181704355, 0.029759418816488248, 0.028725889656828884, 0.02974113187693876, 0.02808855425108509, 0.028593210033156548, 0.028122556494839763, 0.04672115656896881, 0.06506717802826749, 0.06535435143078483, 0.07074079270848999, 0.06712186527113582, 0.0641591273978402, 0.06461869389982121, 0.05668746121227741, 0.053323781130173276, 0.050815169306540016],