{"val_loss": [0.05822584753568324, 0.0554176963771456, 0.04093074229762569, 0.04356376013860803, 0.04701774113350929, 0.054459131965444586, 0.04380329877556447, 0.04858846609374154, 0.0361566568375414, 0.03755540586013944, 0.04063002912030236, 0.036511802388751145, 0.03685347816390229, 0.0394630331206746, 0.033370557587348505, 0.03576514337798004, 0.034546315881401356, 0.03295846518439283, 0.039001735347536974, 0.035765262367653844, 0.033368945649219064, 0.036172331937584186, 0.04009921717216079, 0.03957111734240217, 0.0398698994042826, 0.03679639244793725, 0.03893561010415799, 0.038133773107053306, 0.03776832529341381, 0.03892631609709878, 0.037676499266926046, 0.03957476197770404, 0.03595878660059795, 0.03800255010882708, 0.04041907340700561, 0.04034365991686739, 0.0374718069611752, 0.037247790326199785, 0.04039171686418906, 0.03864893334512781, 0.04064598057169742, 0.03619065118536351, 0.03627020392044906, 0.03269604622322857, 0.03392660843539426, 0.03724072807548133, 0.034904038342414186, 0.03562908271460872, 0.039603484023298455, 0.037077241955520056, 0.036498819604766156, 0.038014311041520685, 0.037918731376067175, 0.03486782883793776, 0.03842234861882253, 0.03714746464184635, 0.035553421211005395, 0.03427031982597609, 0.03802443704297574, 0.04016421308705913, 0.03801052098909156, 0.03702502269684714, 0.041441320025368926, 0.04166640476473444, 0.04054073667132626, 0.03467207606579946, 0.03963754814033585, 0.03238432944345788, 0.03480767901225109, 0.03913532591569759, 0.03702629125145364, 0.03906899265776774, 0.032807797991156046, 0.03597911241983912, 0.038309404809566176, 0.04095339031224622, 0.038028677498443395, 0.04041211935919899, 0.034386815104677095, 0.040503739543063286, 0.040555669887923106, 0.036249923885542164, 0.03290536712297825, 0.03705800458916218, 0.03670880439014952, 0.03868400178214207, 0.036845561887897775, 0.03911242900768809, 0.03879957786447828, 0.03699850018121964, 0.038263760071569404, 0.03777655211685205, 0.03521651500233469, 0.033790243882477686, 0.03774175183836733, 0.037737206460124365, 0.040670286844446624, 0.037364914708883784, 0.0350436224893092, 0.03459591324188658], "val_acc": [0.8449444695157302, 0.8560507738640104, 0.9159094187005609, 0.936968123708197, 0.9405740663015909, 0.8902351078482635, 0.9280253867256716, 0.920380785547602, 0.9241309670612408, 0.9314870917528855, 0.9348045594933296, 0.9397086397524814, 0.938410500943291, 0.9411510151348709, 0.9342276096584716, 0.9284581005633453, 0.9355257470448193, 0.9291792888090619, 0.9378335490966796, 0.9211019765121947, 0.9427376318060439, 0.9408625422850774, 0.9417279685418808, 0.937112360982071, 0.9358142227402982, 0.9463435749582582, 0.9342276079390243, 0.9469205268048697, 0.9363911724290032, 0.9372565971125123, 0.942160680380697, 0.9353815090358816, 0.9371123628476714, 0.9320640408612769, 0.9261502937701088, 0.9337948949481784, 0.9384105000749701, 0.9431703462068367, 0.9358142225941453, 0.9355257464645058, 0.9216789280750974, 0.9336506566684276, 0.9381220255186251, 0.9437472953281241, 0.9374008392610197, 0.9350930327600891, 0.9327852322686274, 0.9283138631347212, 0.9164863686600788, 0.9304774283382707, 0.9352372734814551, 0.9317755661587789, 0.9291792879557861, 0.9330737048218162, 0.9264387693323306, 0.9336506553788421, 0.922544353609733, 0.9379777892334334, 0.9352372720457165, 0.9372565999753922, 0.9399971165956915, 0.9389874536238345, 0.9336506565222746, 0.9291792879557861, 0.9379777872388744, 0.9410067792752425, 0.9470647630642696, 0.9384104982093696, 0.9324967548494024, 0.9343718449291893, 0.9365354129956189, 0.9457666232492025, 0.9324967577122824, 0.9369681225389728, 0.9340833697882321, 0.9353815098956053, 0.9477859508951694, 0.9322082811441839, 0.9372565985310565, 0.9306216641936006, 0.93321794495857, 0.9352372708850896, 0.939420164602927, 0.9407183035582704, 0.9394201651789419, 0.938266264933211, 0.9386989776317509, 0.9343718443531744, 0.9358142214507127, 0.9388432134784834, 0.9414394948366622, 0.9477859494594308, 0.94475696029454, 0.9340833706565531, 0.943314582044972, 0.9398528764503404, 0.9369681242584202, 0.9503822305339008, 0.9399971168794004, 0.9412952566944675], "loss": [0.0797632781251503, 0.043067821426484375, 0.035651516238697514, 0.03174526704262479, 0.028745899200333384, 0.026491171125398155, 0.02513435048995097, 0.02356614932410798, 0.022782268374097605, 0.022084799430878127, 0.02113212767786467, 0.020443278686253397, 0.019503835991762163, 0.018825265691736186, 0.018238134075365876, 0.017497356598411205, 0.01695389054766017, 0.016202152965119447, 0.01555809693576507, 0.015194404815689485, 0.014748395459061522, 0.014120132830190636, 0.013549238974611903, 0.013164708941846976, 0.012672052964760833, 0.012361742737630655, 0.011970652563671778, 0.01172832303977367, 0.011163092592017572, 0.010954091855203156, 0.01051635001270616, 0.01011338194067392, 0.009918886319824648, 0.009713785914386654, 0.009223408692105695, 0.009203317412901712, 0.008762005812025873, 0.00871003236420968, 0.008267680668105348, 0.008063400711283938, 0.0079451950008631, 0.007764431937551396, 0.007460279030238539, 0.007302309055845252, 0.007233248654021966, 0.007083591972645127, 0.006843790130640903, 0.006668500355631025, 0.006663612596207149, 0.006487441874953465, 0.006464897847479932, 0.006133424621720655, 0.006180613940770176, 0.006080620997392109, 0.005857813319933611, 0.005721220832045378, 0.0056413856974944, 0.005534342079720476, 0.005452440013601423, 0.005323608413456665, 0.005364755368102614, 0.005231014070633535, 0.005102441613398327, 0.005044623565466637, 0.004903883146653998, 0.004784968953715788, 0.004808485523323237, 0.004673380334052235, 0.0045943480725394075, 0.004532799337135277, 0.004494533441525038, 0.004480220900892925, 0.004209632219540976, 0.004267955250869687, 0.004303351667681915, 0.004105020453755654, 0.0040701094721237886, 0.003932063514897099, 0.003917525872886039, 0.0038862295195425845, 0.003806916264755686, 0.0037519173114463865, 0.0037240150149481614, 0.0037585413571801147, 0.0035810229066151208, 0.003477652322070916, 0.003428854540375815, 0.003535368263641692, 0.0034718649162547256, 0.0035146779925400574, 0.0033812356730966147, 0.00336638612906705, 0.0031902653978425318, 0.0032145166171042663, 0.003268905279890316, 0.0031274781330192618, 0.0031426923985592246, 0.002999040180740345, 0.0029607189441395215, 0.0029716686871736316],