{"acc": [0.8145094313348848, 0.889963224804236, 0.8839720030288593, 0.897556057878909, 0.9180211203210591, 0.913038320134919, 0.9086487154467616, 0.8347965346096616, 0.8789298837331142, 0.8467789780119162, 0.899157671377404, 0.866235615300855, 0.8842092787106417, 0.9069877795469352, 0.9056827638310206, 0.9223514071194242, 0.9207497937552854, 0.9257325914098722, 0.9024795378240236, 0.904674338295955, 0.9040811511881623, 0.8854549788243548, 0.904259108043195, 0.9090046256388163, 0.9074623342411192, 0.9121485360860401, 0.9186143100806184, 0.923063234638554, 0.9179024829150576, 0.9228259603569043, 0.9265037400398068, 0.9272748866968271, 0.928046033028564, 0.9246648485189034, 0.9295290089725585, 0.9275121630716047, 0.93065606890829, 0.9320204074604258, 0.9258512316161394, 0.9247834885766716, 0.9313678969577731, 0.933088149835184, 0.931664495666704, 0.9315458550927251, 0.9324356405841652, 0.9323170035317326, 0.9319017683148653, 0.933444063615963, 0.933740660026696, 0.9292324113526199, 0.9292324141953139, 0.9342745278198137, 0.937596396522203, 0.9414521313064363, 0.9387234562670072, 0.9356388658557389, 0.9300035610291185, 0.9223514088589831, 0.9237157455089183, 0.8603630312426204, 0.8843279146599393, 0.9203345627812449, 0.9276308008453178, 0.9316644916006617, 0.9319017683148653, 0.9344524863083347, 0.9248428068164971, 0.9297069692430667, 0.9325542788316606, 0.9381895854544111, 0.9400284750165429, 0.9416894087419205, 0.9407403036105221, 0.9412741744231182, 0.941630084477281, 0.9442994455055688, 0.941808048092551, 0.9426385107194845, 0.9434096573765047, 0.942757151102536, 0.9437655731019127, 0.9457230994972644, 0.9442994421325215, 0.9451299115055495, 0.9427571488184809, 0.9449519517795374, 0.9436469344725628, 0.9464942481271991, 0.9472653939144399, 0.9434689772356757, 0.9427571497024032, 0.9432910233435504, 0.943053746968773, 0.9455451405066756, 0.9464349287983813, 0.9312492602871949, 0.9402064318715755, 0.9399098369316892, 0.9075809727078273, 0.9109028385816654], "loss": [0.13080714097577337, 0.05033053280068598, 0.05515842428277334, 0.04415966036444118, 0.03874160740593034, 0.04062277175859987, 0.046482377604175146, 0.0590171162147322, 0.049470827713129654, 0.0698725470860052, 0.05448951396632837, 0.06222815524270942, 0.05451184654159116, 0.043422181249417956, 0.03821299783730792, 0.03292496439419985, 0.031785005312653845, 0.03204873565136714, 0.04070588047658723, 0.04867754961337564, 0.043603520764831066, 0.054882685581936166, 0.04383680565745215, 0.0422273792091327, 0.05163253517705416, 0.04484222101166744, 0.042277251324618695, 0.037749313326747636, 0.03586475765192257, 0.03274035211535398, 0.03192678263888465, 0.029739628666263836, 0.02966710783011733, 0.032824015886790105, 0.029179072695228393, 0.03030247641785888, 0.028907436264489012, 0.027498855563038636, 0.028620109780791998, 0.027696433301534654, 0.025710481771113597, 0.026652423069826833, 0.026074595221897603, 0.0253832113569668, 0.025709923201201156, 0.024100757430169786, 0.024369459748197413, 0.02462106810718941, 0.02326832663788039, 0.025815299076249923, 0.02562025982565247, 0.022983122637778474, 0.022032321808619502, 0.021182993139865235, 0.021629041837110032, 0.0228869027921859, 0.031317391438235774, 0.033781234027351795, 0.031758384339123355, 0.05317763101916351, 0.04862214622937115, 0.034796827017857884, 0.03152638589588755, 0.027893594536311135, 0.02480764164442283, 0.02389322261762783, 0.030961795976419283, 0.024006719782423445, 0.02285137333604333, 0.022503869552357524, 0.021109063555072714, 0.020419663372863363, 0.019948788628959758, 0.019005565214290046, 0.02001059567638653, 0.019061267387437034, 0.01906532621806005, 0.01902662612332513, 0.01828684278686819, 0.01967820279571577, 0.0182335252692064, 0.01997232749047851, 0.018154724632556796, 0.01765270453591246, 0.01833761598318656, 0.017044228924243232, 0.016818794689127625, 0.017103105178307258, 0.015957732864457005, 0.01711133009854557, 0.017184665259108636, 0.016961699870751697, 0.01877790410347837, 0.017144284895586434, 0.016181343028348158, 0.022782807949846898, 0.018648925469276715, 0.02327916881420679, 0.033883860383590696, 0.035040464957161496], "val_acc": [0.8501370259045213, 0.8691764035456008, 0.9166306075244416, 0.9134573783517554, 0.7643155907288132, 0.9330737056987344, 0.5127650375887547, 0.8978797075862959, 0.810327420378426, 0.8944179998337578, 0.8677340258269122, 0.8642723205740208, 0.8673013113251019, 0.860810616548385, 0.8765325275193763, 0.9037934506797488, 0.8462426089138313, 0.9177845106330523, 0.8811481343656155, 0.8628299439020458, 0.798067218363586, 0.8631184207538531, 0.8808596571527242, 0.9108611010084864, 0.8407615738592158, 0.9092744856397947, 0.9094187226299598, 0.9143228031459539, 0.9254291073749475, 0.9257175840891991, 0.8781191398188543, 0.933362180676344, 0.8758113378314732, 0.9173517966449269, 0.9229770670304408, 0.9147555171609458, 0.9024953135040334, 0.9229770683200264, 0.9099956740381122, 0.8768210015770815, 0.9105726223684537, 0.9356699848904094, 0.8991778462579304, 0.9326409924155824, 0.8973027561781435, 0.9249963949687138, 0.92182316392183, 0.9042261630472951, 0.8970142801860599, 0.8951391918257203, 0.8893696833109075, 0.9101399116042921, 0.9075436325114853, 0.8970142783204594, 0.8929756250166366, 0.8962930936447456, 0.9104283861606371, 0.9022068380277841, 0.8913890073847224, 0.8511466882960648, 0.8978797062967103, 0.8900908689881994, 0.9154767035647042, 0.9260060569260967, 0.9062454937409825, 0.8971585175072185, 0.8664358891132984, 0.9042261640918594, 0.8893696814410085, 0.9277369111204635, 0.9219674038522501, 0.8831674607219968, 0.9208135028241706, 0.9179287450526435, 0.9160536550115442, 0.9278811497312078, 0.9115822888479834, 0.9255733460931573, 0.9311986150343353, 0.9183614614737872, 0.9303331887775318, 0.8965815666277963, 0.9267272456210189, 0.906533967007742, 0.9019183598691967, 0.9183614595007212, 0.9160536576981808, 0.9187941715931559, 0.9164863702806579, 0.9009086977656606, 0.8952834268815071, 0.8828789839389674, 0.9112938132771644, 0.8887927318898593, 0.9130246662206332, 0.9226885898261467, 0.897158519901549, 0.8566277235054306, 0.8675897870248794, 0.8785518538069798],