{"val_loss": [0.3792393492615741, 0.14474929383267526, 0.12020259293849053, 0.08644515518908916, 0.11420348335219466, 0.08601564703428227, 0.09200211290432059, 0.14487266832071802, 0.08326572260778883, 0.08080019575098286, 0.08392013917150705, 0.08963191930366599, 0.08661093157918556, 0.08174541220068932, 0.08033440326866896, 0.09089233596687732, 0.0837718604699425, 0.09426606624670651, 0.08587028491108314, 0.08259366809026054, 0.0847498981849007, 0.08069360029438268, 0.09912292027603024, 0.08377269266740135, 0.08092657136528389, 0.0845409485956897, 0.08106608818406644, 0.08058748475235442, 0.0852379619103411, 0.1260049485641977, 0.0876335474136083, 0.12727426786137663, 0.08145662478130797, 0.08221457283134045, 0.08253348278610603, 0.08476681310845458, 0.08027938170277554, 0.08104023709893227, 0.08556252871842487, 0.08722550745891489, 0.1032106372649255, 0.09487578434788663, 0.0805880137435768, 0.09177862269722897, 0.0893409069141616, 0.07929432845633963, 0.08272036748087924, 0.07971846069330754, 0.08342961497280908, 0.0840311285270297, 0.09018590252684511, 0.08245617475198663, 0.07868007343748341, 0.08345828950405121, 0.07974213264558626, 0.08547301136929056, 0.08206999642045601, 0.08181855244481046, 0.08080713159364203, 0.07924214054061018, 0.0848313707696355, 0.0809424812703029, 0.08182329117603925, 0.0804344289328741, 0.08312719623031824, 0.08670854390315387, 0.08155338903484137, 0.07895704472194547, 0.07941938904316528, 0.08160318774373634, 0.08850151251839555, 0.08514082804322243, 0.08983076347605042, 0.09134730712875076, 0.0804039714453013, 0.07895088616920554, 0.08319120449216469, 0.07842466672477515, 0.08439137883808302, 0.07902268142155978, 0.08194280674924022, 0.07928966261122537, 0.0792149376610051, 0.07969796949106714, 0.0924537957686445, 0.102752307186956, 0.08024638340525005, 0.07937217714345973, 0.0801898629769035, 0.08049802838460259, 0.09148813411593437, 0.08177147530343222, 0.08625243830939998, 0.08049165084958076, 0.08197949664748233, 0.07896276757768962, 0.08183302017657654, 0.0795971215095209, 0.08151774756286455, 0.0800350894746573], "val_acc": [0.5054347915169985, 0.48369565703298734, 0.4945652267855147, 0.6250000129575315, 0.5978260908437811, 0.6304347910310911, 0.4999999938451726, 0.48369564504727075, 0.6195652355318484, 0.608695656709049, 0.49456521998281067, 0.6304347910310911, 0.6032608585513156, 0.6086956521739131, 0.6141304457965104, 0.6195652050816495, 0.5869565113731052, 0.5489130337601122, 0.5706521628991418, 0.6086956502302833, 0.5978260759426199, 0.6358695729919102, 0.5597826258643813, 0.597826085012892, 0.5978260727032371, 0.6086956586526788, 0.6141304244165835, 0.6141304341347321, 0.6195652199828107, 0.4945652267855147, 0.6086956631878148, 0.6086956392163816, 0.6249999825073325, 0.6141304399656213, 0.6195652070252792, 0.6195652167434278, 0.6304347813129425, 0.6249999987042468, 0.6086956405121348, 0.635869588540948, 0.4836956605963085, 0.6249999857467153, 0.6032608864100083, 0.5978260746468669, 0.625000009070272, 0.6141304360783618, 0.5978260986183, 0.6141304244165835, 0.6304347748341768, 0.5978260778862498, 0.608695655413296, 0.6413043413473212, 0.635869588540948, 0.6195652135040449, 0.6141304146984349, 0.5760869591132455, 0.5978260727032371, 0.5978260727032371, 0.565217392600101, 0.635869553555613, 0.6195652037858963, 0.60326087474823, 0.6358695768791697, 0.6141304393177447, 0.6413043413473212, 0.6250000038872594, 0.5923913101787153, 0.6195652186870575, 0.6195652186870575, 0.6086956275546033, 0.6141304529231527, 0.6304348111152649, 0.5434782738270967, 0.6358695729919102, 0.5923912972211838, 0.6250000103660251, 0.6086956405121348, 0.635869588540948, 0.6250000038872594, 0.6358695639216382, 0.6141304146984349, 0.624999990929728, 0.6358695522598599, 0.6250000207320504, 0.5054347829326339, 0.5326086988915568, 0.6032608786354894, 0.6467391317305358, 0.6304347631723984, 0.635869588540948, 0.6032608604949453, 0.6141304295995961, 0.6413043413473212, 0.641304365966631, 0.597826071407484, 0.6086956405121348, 0.6141304263602132, 0.6195652264615764, 0.6467391433923141, 0.6195652245179467], "loss": [0.3991237339135763, 0.30666949821485057, 0.12057960838884921, 0.14645663548160243, 0.085981113886511, 0.10012265919028102, 0.08287045601251963, 0.09146701484113126, 0.1233014053589589, 0.08400244970579406, 0.08252181334270013, 0.08218116212535549, 0.11788939382578875, 0.08299659716116416, 0.07997115359113023, 0.0876763305954031, 0.10486783651081291, 0.08733505514022466, 0.09522408931641965, 0.08553330922448957, 0.09241807199007757, 0.08953040999335211, 0.08724319914708266, 0.10464550715845984, 0.08392354765453854, 0.08123213113159747, 0.08989524861445299, 0.0777204757606661, 0.07834248184352308, 0.10882570574412474, 0.10872452726235261, 0.10457384062779916, 0.10850468358478031, 0.0806504222186836, 0.07985230454721966, 0.07917291912678126, 0.09143552264651737, 0.07900981886966808, 0.0816407509752222, 0.08334873697242222, 0.08710565095817721, 0.09788297479217117, 0.0869809842190227, 0.081513001709371, 0.08759597245905851, 0.08092954754829407, 0.07980370863869383, 0.08013169366765667, 0.08065323652447881, 0.09270804536503714, 0.09002964681870229, 0.09422451157022167, 0.0828362342876357, 0.07954065179502642, 0.07967887617446281, 0.07714740025836068, 0.0806575423559627, 0.07818042607726278, 0.08010907873914049, 0.07781107220295314, 0.07805926956840463, 0.0877931269036757, 0.08074251642903767, 0.08282028762875376, 0.08337216864566545, 0.08698789835781665, 0.0963423999177443, 0.07883463316672557, 0.07679000476727614, 0.07604111006131044, 0.07770783434043059, 0.08288034112066836, 0.0801697794247318, 0.08838485221605043, 0.0816262297936388, 0.08049399325171032, 0.07832824136759783, 0.0794455344612534, 0.07786570106809204, 0.08552437557561977, 0.07885315551145657, 0.0786635193067628, 0.0761812033282744, 0.0754431184079196, 0.08186363952385413, 0.10049879208609865, 0.08837991973032823, 0.08262096909252373, 0.07621636745092031, 0.07643459294293378, 0.07789308094495051, 0.08323920920893953, 0.08105380772738843, 0.07944829721708556, 0.0759582771240054, 0.07684868352638709, 0.07579928374773748, 0.079926661542944, 0.07883138612315461, 0.07941386607047674],