{"val_loss": [0.050346536741045396, 0.04913435135730934, 0.06563535922953957, 0.050544310717932264, 0.06093005389598443, 0.06562661191574976, 0.06134686550141197, 0.055970282042924285, 0.05972542032452289, 0.055120381511704584, 0.055493817937376476, 0.05895329556033229, 0.060928869204890275, 0.0561733184740213, 0.05867762841409137, 0.056931453515291504, 0.05282901155250704, 0.04550154835077616, 0.05399005942080527, 0.05818774185931805, 0.05129505119645614, 0.05094042399965472, 0.05438609764257777, 0.05660578840985864, 0.04942454718617266, 0.05629094053445617, 0.05448393993078722, 0.05251239165759766, 0.055787241899239275, 0.05336285387314953, 0.058268944247890135, 0.05378558840597263, 0.0516213925297129, 0.056539432873985544, 0.05166795265730352, 0.05336469104507145, 0.05227163492241324, 0.05282957912027109, 0.0515256831178468, 0.05223241023816433, 0.05117807554072653, 0.04640902466070902, 0.04804527488520744, 0.05264813218677633, 0.05966808073254944, 0.052322314618797196, 0.05146169206845528, 0.0472306461733632, 0.053517439372515956, 0.05697266001488863, 0.05456602116982234, 0.05322527353222699, 0.05332091510957519, 0.049530123456930475, 0.051567100204012756, 0.04908781057714593, 0.05128178669348763, 0.05060945969531962, 0.05777381552148492, 0.04713988181531843, 0.04561816238717669, 0.05340396829271042, 0.047878146357166036, 0.04940349604710388, 0.05200157809696154, 0.05349338221314088, 0.05561059281646334, 0.04682125106500861, 0.051058648664298226, 0.05372007634721376, 0.05097147211554766, 0.04637987998474527, 0.04497602315322446, 0.050704156838979206, 0.05073295331963709, 0.05227288329183207, 0.049269311207052566, 0.059869014499354375, 0.05080530908377928, 0.05919150438671307, 0.0479897341947481, 0.05254058383632767, 0.055368780161524585, 0.05190755320941221, 0.048729484508717565, 0.04941495258598734, 0.04728451003504046, 0.054080261360663094, 0.04804343106103059, 0.04886460852112471, 0.048594670181778765, 0.04692081729005286, 0.05133791204477308, 0.05095625129577979, 0.045904718984504655, 0.049019960609088566, 0.06289450767679305, 0.048229726524412035, 0.054126508972858686, 0.051463577909512705], "val_acc": [0.8958603777996169, 0.8905235828194253, 0.8814366067038734, 0.8758113351491353, 0.9128804275110207, 0.8667243646196382, 0.849415838778595, 0.8636953692303477, 0.8709072563429167, 0.8749459120647123, 0.8772537138371623, 0.8749459117724062, 0.8608106158090226, 0.8603779019638262, 0.8621087556240896, 0.8879273062004734, 0.88345593705797, 0.8749459101991118, 0.8918217232728373, 0.8446559925865477, 0.8887927302993704, 0.8934083389811197, 0.8892254434449666, 0.8523005910392931, 0.9177845093735572, 0.8799942291023222, 0.8639838454201678, 0.8847540745775747, 0.8785518545033559, 0.8710514911751752, 0.8703303050637228, 0.8504255024554254, 0.8867734037817908, 0.8638396085073778, 0.8861964532484073, 0.8838886483207713, 0.9004759839064937, 0.8595124768622764, 0.8908120598109377, 0.8922544366161699, 0.9313428557385068, 0.9004759839064937, 0.8874945917738889, 0.8805711830090466, 0.835280543382629, 0.8792730427641176, 0.8808596591472833, 0.8957161410523238, 0.8781191396555068, 0.8765325264275272, 0.8941295266959568, 0.8864849280970585, 0.8808596583563374, 0.8854752645577838, 0.8967258037469199, 0.8986008929669831, 0.9046588791288477, 0.8962930923379656, 0.8828789849276497, 0.8929756250918625, 0.9069666821221055, 0.8872061177161836, 0.8998990355073744, 0.8804269450130047, 0.8697533550139339, 0.8735035342869176, 0.8965815666106017, 0.9222558796122083, 0.8851867879209074, 0.8748016721944728, 0.9055243056005822, 0.9069666813698473, 0.9040819261774913, 0.8818693202449425, 0.8938410485545639, 0.8828789879366826, 0.8913890089623154, 0.8531660166341093, 0.9007644603284393, 0.8475407487589887, 0.8957161377746272, 0.89787970900484, 0.8890812068287813, 0.882013558509648, 0.8912447692468262, 0.893696813997417, 0.8931198623893788, 0.882878984067926, 0.896581568974842, 0.8825905102251516, 0.8864849285956982, 0.9062454921418964, 0.8908120594498538, 0.8846098372263257, 0.8879273040425669, 0.8908120583751992, 0.8495600766198865, 0.8775421911102343, 0.8915332484628737, 0.8905235836727011], "loss": [0.0749317192461358, 0.03860683802474166, 0.031736438350347826, 0.027619714336574737, 0.024755949985604084, 0.022347033490987135, 0.020389331152017593, 0.018712111754721452, 0.01670276537603427, 0.015420985419286826, 0.01395796760995158, 0.01322145399043414, 0.012183977272978052, 0.011479987549290692, 0.01066443617396549, 0.009843905934345108, 0.009440811573800554, 0.00924400467240403, 0.008677303226109339, 0.008401915081818112, 0.008095661198948167, 0.007722333081460838, 0.007401223212176918, 0.007636842309150468, 0.006764585769688097, 0.006400804433765911, 0.00680960358706873, 0.006376847457220237, 0.006135433029100787, 0.006014323004064332, 0.005618142510065671, 0.005488259983219728, 0.005408741223168078, 0.004880750464725837, 0.0051391240805601845, 0.00482361937577725, 0.004832106246925101, 0.004808500765623172, 0.004557916023118249, 0.004513068277984796, 0.004228213599257976, 0.004398587009849517, 0.004143187718794412, 0.004153406858342121, 0.0035515670495392614, 0.004217670827283961, 0.0037449152717782923, 0.003516082715334587, 0.0040054540832697464, 0.003820372404476946, 0.003547861314722193, 0.003479350405537597, 0.003639931736804783, 0.003561511063385436, 0.0033271386142839344, 0.0034542934373690696, 0.003400253528921997, 0.0033494753615077913, 0.003459885356433337, 0.0032412276237503423, 0.003199927054356878, 0.002855422654880728, 0.003190389171126478, 0.0030104788212230046, 0.0028752623273857244, 0.0029751278478615775, 0.002636826215064939, 0.0029348659421154747, 0.002720256734378428, 0.0028076646541245172, 0.0027671607643193936, 0.002796765608077822, 0.002515516244455101, 0.0027330811905173784, 0.0025775846502320374, 0.0025620543911770476, 0.002443123572393421, 0.0023639408851726103, 0.002562195531972418, 0.002576416116861388, 0.0023481932404545098, 0.002339354015208152, 0.002326076745854129, 0.0024720619897985593, 0.002198577700009326, 0.0020827830113693303, 0.0024855173340726676, 0.0020843547500150874, 0.0026021589846598305, 0.002471595855239946, 0.002184421947529887, 0.0021564568403318503, 0.002320399360596667, 0.002313622927179045, 0.0019937176598510643, 0.0020315829398988242, 0.002188290833648697, 0.001888519771343968, 0.0020530025019037616, 0.0020091583615547137],