{"val_loss": [7.683022654574851, 0.1135900336439195, 0.1094505540702654, 0.11028134498907172, 0.11098696032296056, 0.11012235316245453, 0.11121214132594026, 0.12064327380579451, 0.11176557984689008, 0.11121620853310046, 0.12681995947723804, 0.19056041554912276, 0.7259535148091938, 2.950117323709571, 4.7921682855357295, 8.076502385346785, 1.8882696265759675, 0.6160153876180234, 0.45361897802871204, 0.6741857969242594, 1.8814020441926045, 4.079127814458764, 4.991208708804587, 2.91311268184496, 1.3971654772758484, 1.25490549336309, 1.5079527523206628, 1.9234309611113176, 3.046112941659015, 3.6350002081497856, 3.1981535165206245, 1.9287422662195952, 1.686179798582326, 1.6871101286100305, 2.4941843592602275, 3.3023769129877505, 3.1435847437900044, 2.5066759689994482, 2.0230542861897014, 1.6694400880647742, 2.0955880517544956, 2.5242981133253677, 2.949927273003951, 2.7573842484018076, 2.725713683211285, 2.440441421840502, 1.8399956200433814, 2.0045353381530098, 2.8334144872167837, 3.021667102108831, 2.7670829710753067, 2.4605308097341787, 2.0258264515710915, 2.1684261223544246, 1.945808338082355, 2.421595081039097, 2.7154758805814, 2.739971461503402, 2.7878041163734766, 2.534127572308416, 2.0683082316232766, 1.996321704076684, 2.4058334620102593, 2.441879604173743, 2.7409010244452436, 2.826065504032633, 2.5861843824386597, 2.0185032720151157, 2.19307295654131, 2.2569870741471, 2.7363928349121758, 2.5956531763076782, 2.5145904240400894, 2.1465383223865344, 2.49726010405499, 2.4971810942110806, 2.480061924975851, 2.33780024362647, 2.5012140481368355, 2.5962482949961787, 2.6334531151730083, 2.1875556448231572, 2.263260976127956, 2.4823330537132593, 2.4866898163505224, 2.591991725175277, 2.7125036664631055, 2.437525889147883, 2.053770013477491, 2.1608060235562534, 2.3559612813203232, 2.7659868364748745, 2.5292578624642412, 2.351019745287688, 2.5079046539638354, 2.718037372050078, 2.697359002154806, 1.9914152466732522, 2.0661702078321706, 2.10870918761129], "val_acc": [0.4945652267855147, 0.4945652267855147, 0.4945652267855147, 0.4945652267855147, 0.5054347915169985, 0.5054347915169985, 0.5054347915169985, 0.5054347915169985, 0.4945652267855147, 0.4945652267855147, 0.4945652267855147, 0.4945652267855147, 0.4945652267855147, 0.4945652267855147, 0.4945652267855147, 0.5054347915169985, 0.5054347915169985, 0.5054347915169985, 0.4945652267855147, 0.4945652267855147, 0.4945652267855147, 0.4945652267855147, 0.5054347915169985, 0.5054347915169985, 0.5054347915169985, 0.4945652267855147, 0.4945652267855147, 0.4945652267855147, 0.4945652267855147, 0.5054347915169985, 0.5054347915169985, 0.5054347915169985, 0.5054347915169985, 0.4945652267855147, 0.4945652267855147, 0.4945652267855147, 0.5054347915169985, 0.5054347915169985, 0.5054347915169985, 0.5054347915169985, 0.4945652267855147, 0.4945652267855147, 0.4945652267855147, 0.5054347915169985, 0.5054347915169985, 0.5054347915169985, 0.5054347915169985, 0.4945652267855147, 0.4945652267855147, 0.4945652267855147, 0.5054347915169985, 0.5054347915169985, 0.5054347915169985, 0.4945652267855147, 0.4945652267855147, 0.4945652267855147, 0.4945652267855147, 0.5054347915169985, 0.5054347915169985, 0.5054347915169985, 0.5054347915169985, 0.5054347915169985, 0.4945652267855147, 0.4945652267855147, 0.4945652267855147, 0.4945652267855147, 0.5054347915169985, 0.5054347915169985, 0.5054347915169985, 0.4945652267855147, 0.5054347915169985, 0.5054347915169985, 0.4945652267855147, 0.5054347915169985, 0.4945652267855147, 0.4945652267855147, 0.5054347915169985, 0.5054347915169985, 0.5054347915169985, 0.4945652267855147, 0.4945652267855147, 0.5054347915169985, 0.5054347915169985, 0.5054347915169985, 0.4945652267855147, 0.4945652267855147, 0.5054347915169985, 0.5054347915169985, 0.5054347915169985, 0.5054347915169985, 0.5054347915169985, 0.4945652267855147, 0.4945652267855147, 0.5054347915169985, 0.4945652267855147, 0.4945652267855147, 0.5054347915169985, 0.5054347915169985, 0.4945652267855147, 0.4945652267855147], "loss": [74.53386640548706, 4.226240883807878, 0.11270400458896482, 0.1107329496660748, 0.11016735494942279, 0.1101898291223758, 0.10954952199716826, 0.11491490779696284, 0.11373571447423987, 0.11131011030158482, 0.11352704727166407, 0.13152340980800423, 0.270821796881186, 1.0980557944323566, 3.56327638110599, 6.172839177621378, 6.264359177769841, 1.4276884472047962, 0.539864383033804, 0.4668870439400544, 0.8792013219884924, 2.4911324526812577, 4.4098180049174545, 4.557233462462554, 2.421251161678417, 1.3439793844480772, 1.2628792588775222, 1.4980451802949648, 2.1484759240537077, 3.190214595279178, 3.545452491657154, 2.7258413160169446, 1.8543132897969838, 1.569633564433536, 1.8287253315384324, 2.7171272651569263, 3.2950180414560677, 2.9711752517803296, 2.3736580835806356, 1.8690101391560323, 1.7186591882963438, 2.1047670003530143, 2.6566654733709387, 2.858655020997331, 2.7493672113160827, 2.7040781717042663, 2.213765982035044, 1.8384122848510742, 2.2385013425672375, 3.0025025187311947, 3.0104333194526465, 2.759638399691195, 2.3509915519405054, 2.105249224482356, 2.0116492993122823, 2.0614633109118485, 2.491023875571586, 2.7027233742378853, 2.806934015170948, 2.772803255029627, 2.377922631598808, 2.0198586083747245, 2.10974966513144, 2.3401506011550492, 2.5374602755984745, 2.839359798946896, 2.7857022800961055, 2.3633443020485543, 2.0822817054954736, 2.1609236420811833, 2.4145989933529415, 2.6664640645723083, 2.5768975116111137, 2.335596722525519, 2.2711097485310323, 2.498646774807492, 2.4648796867679907, 2.394420726879223, 2.4045149377874426, 2.531602505091074, 2.659985117010168, 2.4552434392877527, 2.205683270016232, 2.331651481422218, 2.4553268084654936, 2.5362750066293254, 2.696025358664023, 2.657973824320613, 2.283319080198133, 2.0700356315922095, 2.1804017762880066, 2.476744374713382, 2.642233010884878, 2.434593149133631, 2.408185894424851, 2.6301705128437765, 2.7962064614167086, 2.4136497909958297, 1.994236101975312, 1.9955974913932182], "acc": [0.48108108623607737, 0.4918918964025137, 0.4648648701809548, 0.4648648701809548, 0.49189188270955475, 0.5135135167353863, 0.5081081164849771, 0.4594594602649276, 0.5675675756222492, 0.5081081213177862, 0.44324324340433685, 0.5405405373186678, 0.42162161662771896, 0.5405405373186678, 0.4972973159841589, 0.4918919076790681, 0.5675675756222492, 0.4594594602649276, 0.5081081180959135, 0.4972973159841589, 0.5297297319850406, 0.4648648701809548, 0.5945945962055309, 0.5243243220690135, 0.5351351596213676, 0.4918918923751728, 0.4972973159841589, 0.4540540487379641, 0.4864864808482093, 0.3459459470736014, 0.48108108704154556, 0.5135135167353863, 0.4486486549313004, 0.556756770288622, 0.551351374871022, 0.47567567551458206, 0.4864864808482093, 0.48108108704154556, 0.4054054013780645, 0.4702702655985549, 0.5081081108466999, 0.47567567551458206, 0.4540540487379641, 0.47567567551458206, 0.48108108704154556, 0.48108108704154556, 0.4702702655985549, 0.4702702655985549, 0.44324324340433685, 0.4972973159841589, 0.5405405373186678, 0.5351351596213676, 0.5135135167353863, 0.5243243220690135, 0.4648648701809548, 0.42162161662771896, 0.4972973159841589, 0.4540540487379641, 0.5675675756222492, 0.4918918923751728, 0.5351351596213676, 0.4486486549313004, 0.5081081261505952, 0.5405405373186678, 0.4864864808482093, 0.47567567551458206, 0.49189188270955475, 0.5675675756222492, 0.5027026977088, 0.5081080979592091, 0.551351374871022, 0.48108108704154556, 0.5081080931264002, 0.5405405373186678, 0.5081081011810819, 0.42162161662771896, 0.551351374871022, 0.5135135167353863, 0.4702702655985549, 0.5081081108466999, 0.5297297319850406, 0.5297297319850406, 0.5027026977088, 0.5027026977088, 0.5081080963482728, 0.4972973159841589, 0.4864864808482093, 0.4918918923751728, 0.4918918923751728, 0.4594594602649276, 0.4594594602649276, 0.508108120512318, 0.5189189266514134, 0.5405405373186678, 0.5081080979592091, 0.47567567551458206, 0.5297297319850406, 0.4918918923751728, 0.5459459649549948, 0.5081081213177862]}