{"val_loss": [0.0887164528902303, 0.11631707062280883, 0.08609985555878277, 0.08469763905627042, 0.09579929498711018, 0.08681215636141888, 0.09629021319433036, 0.08276344869086925, 0.0971500849160453, 0.08316393410531646, 0.08345452786395044, 0.08372309233074064, 0.08096403316802965, 0.08720366861053015, 0.08392669591638777, 0.08157363299597566, 0.15337961643375186, 0.1371455066346847, 0.09095454488008742, 0.08742678131031956, 0.0856790930075735, 0.08243470390637715, 0.0847843067578079, 0.08452064402046658, 0.0840230007020254, 0.11970357605475196, 0.10039604660580513, 0.09347824562034565, 0.09309567895974603, 0.09275820157873682, 0.10677597629817533, 0.18378474788060264, 0.18619574851545936, 0.14890233172482742, 0.16538804313665173, 0.11828994140308485, 0.11806412849677418, 0.10819021951068532, 0.124637900998152, 0.15111340309290314, 0.11237617243419994, 0.09772562461368965, 0.11002192161385975, 0.0906379297698215, 0.11804409489616172, 0.08749073058968843, 0.19045189446615107, 0.2040103574163814, 0.08444671661822827, 0.14299135073524877, 0.08181199632466786, 0.10519331568935389, 0.08372456564273668, 0.0871543786011389, 0.09297180096222381, 0.08851801157857776, 0.08093190581294538, 0.081642812228134, 0.07787002268291655, 0.08135492136382093, 0.07843345775662734, 0.07971976778078906, 0.07864169171147188, 0.08196566753831261, 0.09022453681043044, 0.08980286205227757, 0.0783630305898482, 0.07871252406942209, 0.08039366758144952, 0.07583935143799665, 0.07192835427852937, 0.07200924809188898, 0.08064999023901263, 0.07212946181216454, 0.0767645589458994, 0.08078874998106413, 0.07549282446138099, 0.07064599038503559, 0.07120342749946389, 0.07299231745377936, 0.07483620778220729, 0.07139240486969335, 0.07510869218974575, 0.07747085668780931, 0.07912791660122713, 0.07646022668218544, 0.07704420725332538, 0.07664655485495517, 0.08140019532750008, 0.07573897735596047, 0.07173959781855216, 0.07513484232998513, 0.07501239835957944, 0.08018030972363802, 0.07389587876729635, 0.07301384396582283, 0.07976044797235066, 0.07777951829791241, 0.07602038335533541, 0.07957319852937696], "val_acc": [0.6839826777469888, 0.5194805264687985, 0.51948051885695, 0.6233766163238371, 0.6219336248579479, 0.608946607054398, 0.5281385311488638, 0.6883117034493759, 0.6839826897453264, 0.5295815316887645, 0.5310245291323201, 0.6479076438651973, 0.6392496434641091, 0.647907661067115, 0.6046176025533745, 0.6926406993494405, 0.5930736004274129, 0.5194805230069126, 0.6190476185315615, 0.5887445971305236, 0.6724386692133129, 0.6767676771117151, 0.6479076594759375, 0.6709956817468695, 0.6897546900127185, 0.5021644927249498, 0.5021645044007514, 0.5584415632150906, 0.5598845601855934, 0.5137085126763986, 0.500721504097377, 0.500721504097377, 0.49927850005258556, 0.49927850005258556, 0.500721504097377, 0.49927850005258556, 0.49927850005258556, 0.49927850005258556, 0.49927850005258556, 0.500721504097377, 0.49927850005258556, 0.610389616324272, 0.5367965378716566, 0.6565656644785387, 0.5036075042310731, 0.6839826940458058, 0.49927850005258556, 0.4949494835854781, 0.6868686944805354, 0.5901875934989593, 0.6911976949821131, 0.5238095276692041, 0.601731598119199, 0.6839826891432593, 0.5209235103873463, 0.6262626256605591, 0.656565661468203, 0.5829725794461899, 0.6695526626719025, 0.6479076518640889, 0.6464646437983492, 0.6926406907484817, 0.6652236624713584, 0.6969696995499847, 0.603174600400794, 0.6594516622039662, 0.6580086615350511, 0.6724386714065573, 0.6479076358663055, 0.6926407079503993, 0.6580086615350511, 0.6897546888085843, 0.6017316110206373, 0.6969696983458504, 0.6623376611335281, 0.7200577160152694, 0.7128427174872306, 0.6998557070805053, 0.659451660999832, 0.6479076524661561, 0.6435786602645037, 0.695526706277894, 0.6695526626719025, 0.6363636341273871, 0.6536796533356153, 0.6421356349968463, 0.6868686978779142, 0.6724386686112458, 0.704184707582083, 0.6753246795391452, 0.6767676796059932, 0.6955266902801106, 0.6724386794054491, 0.658008660932984, 0.692640694446894, 0.652236661267659, 0.6738816686780937, 0.6868686978779142, 0.6955266982790024, 0.6406926454231681], "loss": [0.17434788723290853, 0.08822358697121581, 0.09523043924509877, 0.09030454734199754, 0.09394322329522313, 0.08411193122855978, 0.0880107066272556, 0.08496661321329206, 0.08345797966968709, 0.08184795010784023, 0.0831743224977172, 0.08166869184355331, 0.08132645681686368, 0.08161821456728985, 0.08356892989103948, 0.0800312102566995, 0.38106720980015524, 0.24628035578958632, 0.11306494705498538, 0.08742833284930111, 0.08645084256387082, 0.08136016345155148, 0.09585422736969436, 0.08178019191155601, 0.08095703982768566, 0.14667428098065613, 0.10356622306155223, 0.11524642114120796, 0.0970558108926811, 0.08749307958554173, 0.9605473593913297, 0.11266795032731282, 0.16428712475214838, 0.14405103331510324, 0.14860970112127134, 0.148782178622339, 0.13801902673354974, 0.12638239882580948, 0.14131938794487228, 0.12589904931122112, 0.13066166890336867, 0.12442557844850752, 0.1158219552684666, 0.10896085463442125, 0.12213008251844668, 0.10326849906946035, 0.10214728420236177, 0.097497804695768, 0.10099333926229624, 0.09099771335180926, 0.09209918688520108, 0.08827260354410943, 0.0883993689929242, 0.09154935012916264, 0.08213449183650054, 0.0892753944562364, 0.08461663549277872, 0.08354737119559935, 0.08528728236400578, 0.08288774236514324, 0.08149457134558767, 0.08108482674977217, 0.0829069882994313, 0.08197853951955648, 0.0813248814905391, 0.0797118632807947, 0.08075698412427998, 0.07890947820509181, 0.08013932831005476, 0.07719066381826332, 0.0789530331305429, 0.0710371938078657, 0.07515015571742843, 0.07631285295589864, 0.07254665706636505, 0.0735572124352713, 0.07213219797069376, 0.07169072855921353, 0.07073128082199034, 0.07323079727107545, 0.07227488006871864, 0.07386465856735719, 0.07365637734328716, 0.07232453197736649, 0.08224258053022981, 0.07725066683225808, 0.07945450948716201, 0.07657301048756496, 0.0761532378662433, 0.07662569346770741, 0.07604619222723581, 0.07022741529924559, 0.06940590904110326, 0.07846360717387123, 0.07620378823168421, 0.07457653269729513, 0.07864642281370791, 0.07955984582220312, 0.07860209233726835, 0.07949729476276779],