{"acc": [0.7900106763836893, 0.8454739597927338, 0.8812433288592095, 0.9055048018068107, 0.9212243469927656, 0.9303001556720071, 0.939909836387193, 0.9441214868685489, 0.9497567927417332, 0.9525447894081779, 0.9567564381216893, 0.9576462230544905, 0.9581207763485416, 0.9627476600738505, 0.9622731098134204, 0.9632815317845116, 0.9641713213278512, 0.9662474830360765, 0.968264332840431, 0.9683829698645782, 0.9706964116459117, 0.9714675593919242, 0.9738996406723871, 0.9733657701992171, 0.9727132619806196, 0.9748487479393416, 0.9760351248774074, 0.978111292744803, 0.9759758055627324, 0.9764503614944076, 0.9762724024896761, 0.9775181011891136, 0.9790603978903442, 0.9784078882574709, 0.9782299294295239, 0.9806026921165925, 0.9787044804112345, 0.9791197138461145, 0.9820263491419091, 0.979653586631625, 0.9795942685402985, 0.9818483911978844, 0.9806620119616207, 0.9822043060110845, 0.9807213298620201, 0.9822636244418372, 0.9823229444777928, 0.9827381768378234, 0.9813738372108382, 0.983390685954486, 0.9835093228018487, 0.9826195387529696, 0.9834500038548853, 0.9840431955732164, 0.9829161324977931, 0.9831534092119968, 0.9833313652113926, 0.982619538385258, 0.9845770662373136, 0.985644808597929, 0.983746600781829, 0.9833313662862422, 0.9845177483227714, 0.9839245573115781, 0.9849329807110876, 0.984814342067595, 0.9860600413115286, 0.984399108279146, 0.9843397907323155, 0.9846363844912818, 0.9851109349284962, 0.985110935635634, 0.9852295733952044, 0.987068464711038, 0.9854075338142115, 0.9862973157558199, 0.9858227637134026, 0.9857041264841856, 0.986593910914919, 0.9854668506539042, 0.9855261701312208, 0.986415954724596, 0.9865939126827635, 0.9850516182797308, 0.9859414030498903, 0.9862379982089895, 0.9849922991276975, 0.9865345933539458, 0.9865345933680886, 0.9877802918907417, 0.9868311885271877, 0.986000721834212, 0.9871277842024974, 0.9874243781382481, 0.9887293959755761, 0.988314162540696, 0.9867718681376633, 0.9878989301665226, 0.9874836953173669, 0.9859414028589631], "loss": [0.08698095543282866, 0.055531107058960964, 0.03753169563194868, 0.02809131592587264, 0.022568671364478193, 0.018673841490270276, 0.01514751129287699, 0.013023640131446365, 0.011237625914707255, 0.00983152969019161, 0.009079347300851581, 0.007417425174007111, 0.007150152537948311, 0.006345708679314139, 0.0057446105360497764, 0.005689945546270428, 0.004988885285256118, 0.0046490847249335806, 0.004328677429671659, 0.004299605437845561, 0.0037326206927037362, 0.0037634967453844086, 0.00350315505935385, 0.0033178229871282114, 0.0031467017564409455, 0.0030278203600564804, 0.002908579525337249, 0.002669919162177885, 0.0025929375472640436, 0.0024982946498925216, 0.0025209390350249203, 0.0026069854027803234, 0.0022752377154903994, 0.0022783105863436793, 0.002155312546498491, 0.0021064473044930267, 0.0019764908389186694, 0.0020567497223959712, 0.0018601354008763922, 0.0019203159399430057, 0.0019468764840740247, 0.0017052600176538444, 0.0017478567815786506, 0.001702516898551512, 0.001653868855349377, 0.0016371739425206186, 0.0017127950445496175, 0.0016074496050844686, 0.0016143790123507341, 0.0015227730130008413, 0.001388469030422634, 0.0015165033358382255, 0.0013301160707849926, 0.0014982336014846196, 0.0013160564767398751, 0.001371371022470672, 0.0012863116768214297, 0.0013061817325376525, 0.0012354007536018467, 0.0012202163730517183, 0.0011182923740874178, 0.001162998121442168, 0.001079334699970191, 0.0012241957358607568, 0.0011297461317052412, 0.0011356936130638, 0.001058154864397089, 0.0012264746136209051, 0.0011264340312051437, 0.001098534642410575, 0.0011813017818295057, 0.0010163197492069542, 0.0010572790511657179, 0.0010987266761271566, 0.001158272436999683, 0.0010912367694359637, 0.0010415590216494304, 0.001015845044055393, 0.0010188128485683887, 0.0009504699579205044, 0.0009206848892116223, 0.0010481768047526238, 0.0010267953001994604, 0.0009540727514085142, 0.0008802848165436716, 0.0008651106094206515, 0.0008603420501950486, 0.0008413464900549036, 0.0008608146492602971, 0.0007601402684886151, 0.0008328626049621286, 0.0007603892803682494, 0.000802620763301311, 0.0007501394134666185, 0.0008027781332336518, 0.0008232071129767595, 0.0007786551433357834, 0.0008920217681119167, 0.0008174238332405489, 0.000798931704678699], "val_acc": [0.7498918200070493, 0.8709072554917902, 0.8911005332410448, 0.8648492716941657, 0.8736477746224827, 0.8303764602423281, 0.8256166194418232, 0.8449444697908418, 0.874801675504409, 0.8471080336360279, 0.8590797633964331, 0.8603779046321937, 0.8520121159606658, 0.8574931497235465, 0.8504255044284913, 0.8410500522800188, 0.8476849868410029, 0.8557623007562999, 0.8573489120885887, 0.8572046772778232, 0.8525890677449474, 0.8677340278150233, 0.8641280838245784, 0.8517236423328225, 0.8481177008828611, 0.8641280843619057, 0.8595124792351139, 0.8634068974595075, 0.8582143385216355, 0.8635511335899488, 0.8678782658110651, 0.8497043151704501, 0.8570604382845018, 0.8605221402639953, 0.8533102580174625, 0.8609548546669374, 0.8554738229373033, 0.8641280854365603, 0.8622529958253228, 0.8544641587618331, 0.8615318046629936, 0.8560507749601581, 0.8618202835716899, 0.8577816259004708, 0.8551853473063037, 0.8478292268101106, 0.8482619380310004, 0.8573489118048798, 0.8619645192572243, 0.8557622980008853, 0.8537429727191587, 0.8547526345389859, 0.8688879299951325, 0.8626857069806586, 0.8570604368874508, 0.853021781449364, 0.8696091167513778, 0.8473965108876068, 0.8648492716941657, 0.8737920096782694, 0.8696091173961705, 0.8593682397345556, 0.8570604355978653, 0.8615318058752041, 0.8559065321281705, 0.8508582140879078, 0.8660031753014164, 0.8573489124496726, 0.862252993422395, 0.8488388863344755, 0.8563392478357433, 0.8651377495432526, 0.8590797603035771, 0.8465310855979925, 0.8644165627182295, 0.869753355890852, 0.8592240017385138, 0.8711957337707389, 0.8629741804623491, 0.8546083947461215, 0.8596567147207624, 0.8618202816523568, 0.8511466927279405, 0.8540314446275546, 0.8475407479164595, 0.847829227132507, 0.8612433344654478, 0.8632626590336038, 0.859368238230039, 0.8563392472597284, 0.850281266471137, 0.8533102562206399, 0.8390307229833824, 0.8463868482467435, 0.8424924308046985, 0.8486946498042626, 0.8561950109831341, 0.8561950103383413, 0.8432136191041477, 0.8443675210994163],