{"acc": [0.5075928310876159, 0.4997034014077469, 0.49389013903663453, 0.5017202473829502, 0.4975085979021943, 0.5011270608939031, 0.5007711438426118, 0.5050421127688631, 0.49994067872655334, 0.5059912163233443, 0.5033811809456862, 0.49448332866183775, 0.49768655292927577, 0.4970933647466337, 0.504804839356993, 0.4978051932380779, 0.49507651719804874, 0.5008897828113879, 0.5025507138390348, 0.4949578789222677, 0.4992288501184314, 0.49721200174249525, 0.4955510683565437, 0.4981611070789636, 0.5026693517930682, 0.49602562422811214, 0.5013643320393967, 0.4986356589587392, 0.5052793889527135, 0.49940680649968167, 0.49661881266178814, 0.5037370972014474, 0.49436468807371614, 0.4946019653465587, 0.5042116483175142, 0.5018388875432535, 0.5067030434287985, 0.5016016092980965, 0.5004152286617, 0.49780519454981853, 0.49424605244970193, 0.503025267030551, 0.4986356592840226, 0.5014829720547367, 0.5007711444012507, 0.5018982045597306, 0.49305967287401214, 0.5005338679840449, 0.4989915746275761, 0.4953731143159195, 0.49578834714619685, 0.5029066305367572, 0.4989915731531938, 0.4955510704779571, 0.4975679181149343, 0.5033811831837773, 0.5025507154760588, 0.500771143489043, 0.49685608869713954, 0.4928223954526707, 0.4949578795551561, 0.5033811809456862, 0.4943646897955967, 0.49887293586387005, 0.5051607515325692, 0.5037370948891069, 0.500177953156702, 0.5033811843045907, 0.5036184594418771, 0.5018388877058951, 0.49934748746432617, 0.49715268241367755, 0.4908055499795352, 0.4974492773959922, 0.5046861998861492, 0.5023134375385068, 0.48867006340206753, 0.4982797448102485, 0.49863565716260916, 0.5000593165886588, 0.4976865558603619, 0.4955510703011727, 0.4973306405486296, 0.49294103355166724, 0.5043302860770846, 0.4975679167324799, 0.5064657697517516, 0.4995847622940076, 0.5027879904648462, 0.4913987402093412, 0.49329694759762294, 0.5027879904648462, 0.4940087761916021, 0.5013643339239189, 0.49816110841898975, 0.4935342238840082, 0.5077707891801396, 0.49756791684915763, 0.5044489210222466, 0.5040930087865636], "loss": [0.3143611630529381, 0.11062946005540183, 0.11004788296221839, 0.1098121562198128, 0.10969427957033005, 0.1096386535311738, 0.10958765618267087, 0.1095506923814829, 0.10950955121945566, 0.10951308340368102, 0.10944134511848208, 0.10949506848053457, 0.10948971909802216, 0.1094325098056275, 0.1094075640181104, 0.10949173239976263, 0.10943622022128244, 0.10941879935222301, 0.10942755572109802, 0.10946799413046812, 0.10945208882122988, 0.10943530373269092, 0.10947518947144563, 0.10940690697837603, 0.10941765152703742, 0.1094547061927803, 0.10940920530526377, 0.10945304531614217, 0.10946691343387345, 0.10941744172367313, 0.10941395095827627, 0.10943612992862518, 0.10947725568742342, 0.10941700397797617, 0.10942661820576417, 0.10941692528414661, 0.10939254894674086, 0.10941117869703099, 0.10947179337942468, 0.10943845914859536, 0.10947017646907897, 0.10939891105929873, 0.10943552147721265, 0.10943231610290689, 0.10946031677519982, 0.10941435100557344, 0.10943107389162014, 0.10946875088458695, 0.10943547102381487, 0.10944054289805477, 0.10941065165750892, 0.1094086741687621, 0.10941150509681066, 0.10943691299622531, 0.10942422559531025, 0.10942111634312894, 0.10943361586195137, 0.10941174651807363, 0.10942932307677757, 0.10943124618751184, 0.10940595050114219, 0.10939683626220381, 0.10941169580568663, 0.10940590046760747, 0.1094141367658034, 0.10938716484729838, 0.10931464920640487, 0.10940625448730552, 0.1093714823421528, 0.10938249116500284, 0.109403569022805, 0.10941669047197027, 0.10939140035784645, 0.10937736410572939, 0.1093889172929775, 0.10933569851351853, 0.10937341064504633, 0.10934398970505368, 0.10939582560760777, 0.109371417042397, 0.10935950104661196, 0.10935675381450895, 0.10939310181535483, 0.10938496983677824, 0.10936778079577365, 0.10943034119079342, 0.10933487081049685, 0.10938851211451171, 0.1094003945981527, 0.10939188340721018, 0.10937294914393907, 0.10936305593614802, 0.10940265517537316, 0.10935946663109938, 0.10939695731093556, 0.10941068440064061, 0.1093908029483906, 0.10939503142998896, 0.10934103372675737, 0.10933893025876053], "val_acc": [0.5031011107485308, 0.49689888833801277, 0.49689888833801277, 0.49689888833801277, 0.49689888833801277, 0.49689888833801277, 0.49689888833801277, 0.49689888833801277, 0.5031011107485308, 0.5031011107485308, 0.5031011107485308, 0.5031011107485308, 0.5031011107485308, 0.5031011107485308, 0.49689888833801277, 0.49689888833801277, 0.5031011107485308, 0.49689888833801277, 0.5031011107485308, 0.5031011107485308, 0.5031011107485308, 0.5031011107485308, 0.5031011107485308, 0.5031011107485308, 0.49689888833801277, 0.49689888833801277, 0.5031011107485308, 0.49689888833801277, 0.49689888833801277, 0.49689888833801277, 0.5031011107485308, 0.49689888833801277, 0.49689888833801277, 0.49689888833801277, 0.5031011107485308, 0.5031011107485308, 0.5031011107485308, 0.5031011107485308, 0.49689888833801277, 0.49689888833801277, 0.49689888833801277, 0.49689888833801277, 0.49689888833801277, 0.5031011107485308, 0.5031011107485308, 0.5031011107485308, 0.49689888833801277, 0.5031011107485308, 0.49689888833801277, 0.49689888833801277, 0.5031011107485308, 0.5031011107485308, 0.49689888833801277, 0.5031011107485308, 0.5031011107485308, 0.5031011107485308, 0.5031011107485308, 0.5031011107485308, 0.49689888833801277, 0.49689888833801277, 0.5031011107485308, 0.49689888833801277, 0.5031011107485308, 0.5031011107485308, 0.5031011107485308, 0.5031011107485308, 0.49689888833801277, 0.5031011107485308, 0.5031011107485308, 0.49689888833801277, 0.49689888833801277, 0.49689888833801277, 0.49689888833801277, 0.49689888833801277, 0.49689888833801277, 0.5031011107485308, 0.5031011107485308, 0.5031011107485308, 0.5031011107485308, 0.5031011107485308, 0.49689888833801277, 0.5031011107485308, 0.49689888833801277, 0.5031011107485308, 0.5031011107485308, 0.49689888833801277, 0.49689888833801277, 0.49689888833801277, 0.49689888833801277, 0.49689888833801277, 0.49689888833801277, 0.49689888833801277, 0.49689888833801277, 0.49689888833801277, 0.49689888833801277, 0.5031011107485308, 0.5031011107485308, 0.5031011107485308, 0.5031011107485308, 0.5031011107485308],