{"val_loss": [0.11837222199302963, 0.11013939392509939, 0.10948941054822871, 0.10953010583223073, 0.11068544340919455, 0.110353886655583, 0.10975206884388007, 0.10944055746201053, 0.10959545737106907, 0.10940195747299077, 0.10970500938634103, 0.10944345408396926, 0.10938891442835151, 0.1094449947862317, 0.11030694597532235, 0.10939433649945324, 0.10968799280403291, 0.10971832534812255, 0.10939650991752896, 0.10949232367043472, 0.10957374731200986, 0.10945189062365718, 0.10951184499544034, 0.1096797581618609, 0.10976627944060155, 0.10959946531058218, 0.11016019527554151, 0.10956457069636114, 0.10943157734481283, 0.10994624285131895, 0.11043447678212598, 0.10971381543098066, 0.1094784766831096, 0.10943719107627044, 0.10985556254307119, 0.10953227658301364, 0.10946921166637046, 0.10947764828343352, 0.1094519000849166, 0.10945797717736326, 0.10949883770885946, 0.10944296910952614, 0.1096877071500839, 0.10969354327272134, 0.10954927141646123, 0.10966191631786823, 0.10944466204951374, 0.10991555667277729, 0.10987222137500004, 0.10957930474016173, 0.10960102851611271, 0.11007438350528517, 0.10971750864498753, 0.10959113785478782, 0.10955638701216269, 0.11004517004420433, 0.10945730232219236, 0.10991976872144556, 0.10942777995378548, 0.10946644024812485, 0.1095161561014744, 0.10966496557517431, 0.10970930056397953, 0.10944612093402008, 0.10957349849507249, 0.10961195760546662, 0.10929195976405197, 0.10941734239426798, 0.1095406298111755, 0.10953931921181458, 0.109434151288821, 0.10955020430265834, 0.10948404567024675, 0.1087961981182368, 0.10939775664801552, 0.10956541859886956, 0.10932508448441618, 0.10943655456477698, 0.11061405069931544, 0.10942536021841909, 0.10951361393500385, 0.10939162338766961, 0.10955491533926619, 0.10939283648361535, 0.10939236105425472, 0.10945558025261617, 0.10967494465693343, 0.109636049335625, 0.10941053411540369, 0.10952383600262428, 0.10935676492268125, 0.10941177582725309, 0.10943746603310718, 0.10950384354257797, 0.10909659063749012, 0.10947223156841049, 0.10941330571204196, 0.109393578031853, 0.1094978486311207, 0.1094152877427241], "val_acc": [0.5031011107485308, 0.49689888833801277, 0.49689888833801277, 0.49689888833801277, 0.49689888833801277, 0.49689888833801277, 0.49689888833801277, 0.49689888833801277, 0.5031011107485308, 0.5031011107485308, 0.5031011107485308, 0.5031011107485308, 0.5031011107485308, 0.5031011107485308, 0.49689888833801277, 0.49689888833801277, 0.5031011107485308, 0.49689888833801277, 0.5031011107485308, 0.5031011107485308, 0.5031011107485308, 0.5031011107485308, 0.5031011107485308, 0.5031011107485308, 0.49689888833801277, 0.5038222961818761, 0.5031011107485308, 0.49689888833801277, 0.49689888833801277, 0.49689888833801277, 0.5031011107485308, 0.49689888833801277, 0.49689888833801277, 0.4994951689503813, 0.5031011107485308, 0.5031011107485308, 0.5020914475166074, 0.5031011107485308, 0.49689888833801277, 0.49689888833801277, 0.49689888833801277, 0.4927159945428002, 0.49689888833801277, 0.5031011107485308, 0.5031011107485308, 0.5031011107485308, 0.49689888833801277, 0.49978364404190434, 0.49689888833801277, 0.4993509311004925, 0.5031011107485308, 0.5031011107485308, 0.49689888833801277, 0.5031011107485308, 0.5031011107485308, 0.5031011107485308, 0.5028126356161708, 0.5031011107485308, 0.4582431831823082, 0.49689888833801277, 0.5031011107485308, 0.49689888833801277, 0.5031011107485308, 0.5031011107485308, 0.5031011107485308, 0.5031011107485308, 0.49920668894123865, 0.5031011107485308, 0.5031011107485308, 0.497620075003987, 0.49689888833801277, 0.49689888833801277, 0.49689888833801277, 0.49689888833801277, 0.49689888833801277, 0.5031011107485308, 0.5031011107485308, 0.5031011107485308, 0.5031011107485308, 0.5031011107485308, 0.49689888833801277, 0.5031011107485308, 0.49689888833801277, 0.5028126356161708, 0.503245349658029, 0.49689888833801277, 0.49689888833801277, 0.4993509316646862, 0.4983412636946105, 0.4980527906137663, 0.49646617494094736, 0.49689888833801277, 0.5310832236827787, 0.5010817807254279, 0.4963219388771346, 0.5009375495663388, 0.5031011107485308, 0.5031011107485308, 0.5031011107485308, 0.503101112091849], "loss": [0.3337216733699946, 0.11129426007197836, 0.1102841464504962, 0.10995787467159174, 0.1098083340808058, 0.10972556277008183, 0.10963931867735908, 0.10960248389169405, 0.10954473353193131, 0.10955306596904622, 0.10947146399994312, 0.10951690884502152, 0.10951570574641016, 0.10945563708488479, 0.10942544527541899, 0.10951175806923033, 0.10944833974281598, 0.10941604412327544, 0.1093967573120368, 0.10961030315625907, 0.10945161836775813, 0.1094124583309338, 0.10947306929201485, 0.10944111038497482, 0.10939282455192878, 0.10942598734338706, 0.10938191750123416, 0.10942227312156294, 0.10949180259291197, 0.10958385716176625, 0.1093940458398921, 0.10941226770779829, 0.1094607547843056, 0.10948031202094781, 0.10946161982685465, 0.10994767604037979, 0.10989742014618556, 0.10938789047763108, 0.10944114441686514, 0.10949001523407205, 0.10943968352586692, 0.10938066663369686, 0.1094171182107835, 0.1094073081747721, 0.10945348657631396, 0.10940543189600617, 0.10939723853079757, 0.10945566268769259, 0.1094066109678431, 0.10940770876833321, 0.1094113205630155, 0.10939343481803368, 0.109407017497826, 0.10952892100977889, 0.10943044707407122, 0.10939471467645273, 0.109407235602988, 0.10961400250874319, 0.10946680695306422, 0.10944400070375898, 0.10940144169951464, 0.10938740797453128, 0.10943080970670761, 0.10944806493227416, 0.10941324933969136, 0.10937403174715402, 0.10931662185214171, 0.10941518520453969, 0.10936905404422217, 0.10939583622263001, 0.10939195468228036, 0.10938973392752484, 0.10937622698837787, 0.10936779043052612, 0.10941732877874052, 0.10931725363644972, 0.10936678616580399, 0.10931502552127369, 0.10936063387163707, 0.10937100720124138, 0.1093513765990529, 0.10932654434604455, 0.10938388068369946, 0.10935508318997629, 0.10933146157897174, 0.10940383850859922, 0.10929973758399125, 0.10934141825061207, 0.10935301333400671, 0.109342098133549, 0.10966514080660328, 0.10934117299135872, 0.10938895249960048, 0.10940833902522358, 0.10941538900607194, 0.10939341698755416, 0.1093539167122635, 0.10934375329386199, 0.10932367562148082, 0.10929366086694407],