{"acc": [0.4702702760696411, 0.42162161662771896, 0.551351374871022, 0.5567567557901949, 0.49189188270955475, 0.6270270476470122, 0.6108108243426761, 0.6378378497587668, 0.6594594555932123, 0.6648648606764304, 0.6270270331485851, 0.6486486728126938, 0.6702702705924576, 0.6648648687311121, 0.6540540633974848, 0.6594594588150849, 0.6648648783967301, 0.6594594829791302, 0.6702702834799483, 0.6594594733135121, 0.6594594555932123, 0.6486486454267759, 0.6756756740647394, 0.659459463647894, 0.643243259674794, 0.6756756788975483, 0.648648655092394, 0.6702702834799483, 0.6486486454267759, 0.6486486534814577, 0.6540540698412303, 0.6540540698412303, 0.6648648655092394, 0.654054077895912, 0.654054077895912, 0.6594594652588303, 0.6702702883127574, 0.6540540730631029, 0.6540540730631029, 0.6540540505099941, 0.6810810984791936, 0.6594594733135121, 0.6648648703420484, 0.6702702786471393, 0.6648648655092394, 0.6810810888135755, 0.6756756982287845, 0.6756756837303574, 0.6648648816186029, 0.659459468480703, 0.6702702883127574, 0.6702702689815212, 0.6648648783967301, 0.6648648751748575, 0.6810810936463846, 0.659459463647894, 0.6702702786471393, 0.6810810759260848, 0.6810810920354482, 0.6756756885631664, 0.6864864890639847, 0.6648648735639211, 0.6540540585646758, 0.6810810759260848, 0.6594594604260212, 0.6594594829791302, 0.6756756837303574, 0.6702702657596485, 0.6702702834799483, 0.6702702883127574, 0.6594594781463211, 0.6648648606764304, 0.6594594813681938, 0.6810810855917029, 0.6918918893143937, 0.6810810759260848, 0.6648648687311121, 0.6702702931455664, 0.6486486647580121, 0.6432432677294757, 0.6702702834799483, 0.69729730406323, 0.6918919086456299, 0.6648648735639211, 0.6702702883127574, 0.6594594829791302, 0.6810810839807665, 0.6702702738143302, 0.6756756837303574, 0.6702702705924576, 0.6648648783967301, 0.6756756740647394, 0.6756756982287845, 0.6810810936463846, 0.6864864938967937, 0.6648648735639211, 0.6756756708428666, 0.6810810759260848, 0.6648648574545577, 0.6756756805084847], "loss": [0.3094482788363019, 0.11836040664363552, 0.09943891316652298, 0.10160153923002449, 0.08936932501760689, 0.08911801834364196, 0.08657072806680524, 0.08364139779193981, 0.0849571014578278, 0.07963876184579488, 0.07961412237302677, 0.08010612387914916, 0.07842871244694735, 0.07672131524698154, 0.07755369390990283, 0.0770132811488332, 0.0759877332964459, 0.0770334472527375, 0.07639876873912038, 0.0763927152430689, 0.07644316513796111, 0.076617862727191, 0.07606426042479437, 0.07555196353712597, 0.07555202837731387, 0.07584796845912933, 0.07542279543908867, 0.07580341459126086, 0.07541268077251073, 0.07656360639108194, 0.07528459240455886, 0.07573203037719468, 0.07540132286580833, 0.0753198999005395, 0.07564985450055148, 0.07518747307964273, 0.07539900633934382, 0.075161388999707, 0.07613659690360765, 0.07510929534564147, 0.07578729173621616, 0.07562843649773984, 0.0754690254862244, 0.07541409920196275, 0.07478962133865098, 0.07543419563287013, 0.07469225050629796, 0.074862894375582, 0.07514328650526099, 0.07430013369869541, 0.07454547426990561, 0.0746146410300925, 0.07399054173682187, 0.07431478113741488, 0.07497827849678092, 0.07803559444240622, 0.07659117696253029, 0.07621058620311119, 0.07566306860865774, 0.0749068147427327, 0.07491155613113094, 0.07504124738074638, 0.07480217174098298, 0.07440666512057588, 0.0744487506312293, 0.07437872061052837, 0.07426892200837264, 0.07421231773254033, 0.07363203268598865, 0.07377251438997887, 0.07293970137834549, 0.07251463165959797, 0.0733371564262622, 0.07399082989306063, 0.07251693409036945, 0.07707963843603392, 0.0771461163420935, 0.07866136367256577, 0.07822009921073914, 0.07837035909697816, 0.07596346897047919, 0.07642076265167545, 0.07610839766425055, 0.07658281157145629, 0.07502534683491732, 0.07618538632586196, 0.07609838045932152, 0.07559432753840008, 0.0768824582164352, 0.07680354287495485, 0.0757121461871508, 0.07591724556845587, 0.07603015629826365, 0.07517465485914333, 0.0757647068113894, 0.07576340014064634, 0.07502005450628899, 0.07622003575434556, 0.07546959676452585, 0.07544371385026623], "val_acc": [0.4945652267855147, 0.5054347915169985, 0.6249999974084937, 0.4945652267855147, 0.614130428303843, 0.5923912887987883, 0.6195652050816495, 0.6032608553119327, 0.5978261141673379, 0.6141304341347321, 0.608695656709049, 0.5923913186011107, 0.6032608669737111, 0.6195652135040449, 0.6195652147997981, 0.6195652329403422, 0.5978260765904966, 0.6195652070252792, 0.6304348111152649, 0.635869588540948, 0.6304347631723984, 0.608695656709049, 0.6304347877917083, 0.6358695600343787, 0.6195651953635009, 0.6304347826086957, 0.6413043504175933, 0.6413043504175933, 0.6250000051830126, 0.635869588540948, 0.625000009070272, 0.6250000051830126, 0.6250000207320504, 0.6304348111152649, 0.6358695729919102, 0.6304347994534866, 0.6250000207320504, 0.6249999961127406, 0.6195652433063673, 0.6358695652173914, 0.6358695729919102, 0.6195652433063673, 0.6467391304347826, 0.6195652433063673, 0.614130437374115, 0.6413043620793716, 0.6304347877917083, 0.6358695600343787, 0.6521738923114279, 0.6521738923114279, 0.6249999961127406, 0.635869571696157, 0.6576087021309397, 0.6467391278432764, 0.5923913069393324, 0.6576087021309397, 0.635869553555613, 0.6576086943564208, 0.652173928592516, 0.6358695768791697, 0.652173928592516, 0.6249999961127406, 0.6304348111152649, 0.6304348111152649, 0.635869571696157, 0.6413043530090995, 0.630434794270474, 0.6304347826086957, 0.6195651953635009, 0.6304347826086957, 0.6413043245025303, 0.6467391148857449, 0.6630434795566227, 0.6576087060181991, 0.6086956392163816, 0.6576087176799774, 0.6304347994534866, 0.6304347761299299, 0.6304347735384236, 0.6413043543048527, 0.6521739402542943, 0.6141304166420646, 0.6358695652173914, 0.6467391395050547, 0.6249999948169874, 0.6413043361643086, 0.6304347826086957, 0.6467391433923141, 0.6304347735384236, 0.614130437374115, 0.6467391200687574, 0.652173928592516, 0.6304347735384236, 0.6521739169307377, 0.6521739052689594, 0.6304347826086957, 0.652173928592516, 0.6304347826086957, 0.6250000207320504, 0.6467391433923141],