{"acc": [0.47567568115285924, 0.4756756908184773, 0.4756756875966046, 0.47567569242941365, 0.4756756771255184, 0.47567568034739105, 0.475675670681773, 0.4756756771255184, 0.4702702760696411, 0.4702702655985549, 0.45945947556882294, 0.4594594554321186, 0.4594594707360139, 0.459459466708673, 0.4594594586539913, 0.4486486541258322, 0.4486486637914503, 0.44864865009849136, 0.44864864687661865, 0.4324324332379006, 0.43243242840509155, 0.43783784154299143, 0.4378378367101824, 0.4324324267941552, 0.4324324267941552, 0.4270270233218734, 0.421621621460528, 0.421621621460528, 0.42702702654374614, 0.43783784395939596, 0.42702703459842783, 0.4378378334883097, 0.4486486452656823, 0.4540540640418594, 0.4540540471270278, 0.4540540471270278, 0.4486486533203641, 0.4378378367101824, 0.44324324662620956, 0.45405406001451853, 0.4432432369605915, 0.4594594707360139, 0.4594594586539913, 0.4540540656527957, 0.45405405357077316, 0.44864865654223673, 0.4432432401824642, 0.42702703459842783, 0.42162162468240066, 0.41081081612690074, 0.41621621315543716, 0.40000000434952815, 0.40000000434952815, 0.39459459765537364, 0.38378378587800105, 0.3891891925721555, 0.38918918773934646, 0.383783781045192, 0.3783783807947829, 0.3837837794342557, 0.38918918773934646, 0.3891891957940282, 0.38918918773934646, 0.3783783840166556, 0.36756756740647395, 0.3675675706283466, 0.367567577072092, 0.3513513553786922, 0.3567567685165921, 0.3567567685165921, 0.3513513586005649, 0.3621621687670012, 0.3729729724896921, 0.36756757868302836, 0.356756754018165, 0.3513513505458832, 0.3567567685165921, 0.3621621623232558, 0.356756754018165, 0.3729729724896921, 0.3675675690174103, 0.367567572239283, 0.36216217359981023, 0.37297297571156474, 0.3891891909612192, 0.3837837794342557, 0.3783783856275919, 0.3837837890998737, 0.39459459926631, 0.39459459121162827, 0.40000000112765544, 0.41081080646128265, 0.4054054110436826, 0.41081080807221904, 0.41621622282105525, 0.4162162179882462, 0.40540540621087356, 0.41081080968315536, 0.43243243001602794, 0.41621621315543716], "loss": [0.3901661972741823, 0.3683525058063301, 0.34815193430797475, 0.3294868420910191, 0.31222831397443207, 0.29634306962425644, 0.2816934593625971, 0.26810310096354095, 0.25557724124676473, 0.24401264134291056, 0.2333636271792489, 0.2234767772055961, 0.2142604359903851, 0.2057787514216191, 0.19794198065190702, 0.19071155303233378, 0.18401173683437141, 0.17782599136636063, 0.17213918308953982, 0.1668560392147786, 0.16196723966985135, 0.15743476031599818, 0.15325408449044098, 0.14933959777290756, 0.14579799126934362, 0.14250771298601822, 0.13945322181727435, 0.13669310852482514, 0.1340971327311284, 0.1318108483746245, 0.12951338854995934, 0.12754853794703613, 0.12565180498200493, 0.12391979025827872, 0.12230294519985044, 0.12079846053510099, 0.11942233125100264, 0.11815593431930284, 0.11702314341390455, 0.11593013619248932, 0.11492482210333282, 0.11402367317193263, 0.11316787713282817, 0.1123930018495869, 0.11166041082627065, 0.11098627182277473, 0.11038528141137716, 0.10979417349035675, 0.10927406577645121, 0.10876030313807565, 0.10830145067459829, 0.10786548277010789, 0.10745902862903234, 0.10711319784860353, 0.10676807789383708, 0.10646470837496422, 0.10616463825509355, 0.10589757722777289, 0.10567098171324343, 0.10540345673625534, 0.10518084426183959, 0.10499569411213333, 0.10478831122855882, 0.10461793255967063, 0.10445447850066263, 0.10429078944631524, 0.1041422804465165, 0.1040072831753138, 0.10385731325761692, 0.10373011251559129, 0.10362935972374838, 0.10350152125229707, 0.10338479965119748, 0.10331306505847622, 0.10323309757419534, 0.10310903473480328, 0.10301113853583464, 0.1029180123193844, 0.10283490773793813, 0.10277253288674999, 0.10267117438284126, 0.10260347679660127, 0.10252175480127335, 0.10244698882908435, 0.10241948954156928, 0.10231038303794088, 0.10226005376190753, 0.10217888814371985, 0.10211903038057121, 0.10206108479886442, 0.10199844535138156, 0.10193516475123328, 0.10190411314770982, 0.10183077124325005, 0.10176566847272821, 0.10171866578024787, 0.10166794504668261, 0.10161678070152128, 0.10155513802090206, 0.10150231944548117], "val_acc": [0.4836956486105919, 0.4836956486105919, 0.4836956486105919, 0.4836956486105919, 0.4782608595231305, 0.4782608595231305, 0.4728260976464852, 0.4728260976464852, 0.4728260976464852, 0.4728260976464852, 0.4619565194715624, 0.46739130499570264, 0.46739130499570264, 0.46739130499570264, 0.47826086794552597, 0.47282608242138574, 0.4673912933339243, 0.45652174236981763, 0.4565217388064965, 0.44021739875492844, 0.44021739519160724, 0.44021739519160724, 0.44565217261729034, 0.44565217261729034, 0.44021739519160724, 0.44021739519160724, 0.42934782058000565, 0.4293478170166845, 0.41847826961589896, 0.4239130551400392, 0.4239130551400392, 0.4130434805284376, 0.40217390591683594, 0.40217390591683594, 0.40217390591683594, 0.40217390591683594, 0.40760869144097617, 0.40217390591683594, 0.40760869144097617, 0.40760869144097617, 0.40760869144097617, 0.4021739023535148, 0.39673913691354834, 0.39673913691354834, 0.39673913691354834, 0.3804347968619803, 0.37499999611274054, 0.3749999925494194, 0.3913043410233829, 0.3913043410233829, 0.38586957914673764, 0.3858695554992427, 0.36956521901099576, 0.375000004535136, 0.36413042636021326, 0.36413042636021326, 0.36413042636021326, 0.36413045000770816, 0.36413043834592984, 0.36956522387007007, 0.37500000129575317, 0.36956521220829175, 0.37500000583088916, 0.3804347832565722, 0.3858695606822553, 0.3804347715947939, 0.39130434264307434, 0.39673912006875744, 0.40217391563498456, 0.3967391265475232, 0.3967391330262889, 0.3967391233081403, 0.40217390073382336, 0.4130434717821038, 0.4130434717821038, 0.4130434717821038, 0.4076086963000505, 0.4130434737257335, 0.4347826158222945, 0.44021739324797754, 0.4347826041605162, 0.4347826061041459, 0.4347826106392819, 0.4293478351572286, 0.4293478351572286, 0.44021739000859467, 0.44021739000859467, 0.4347826009211333, 0.42934782543907996, 0.434782602864763, 0.4239130382952483, 0.41847826086956524, 0.3913043377840001, 0.40217392502919486, 0.40217392502919486, 0.3967391427444375, 0.40217392017012055, 0.3967391378853632, 0.3967391378853632, 0.402173910451972],